,x,y,z
0,0.0,2.0,0.0
1,0.0,2.0,0.0
2,0.0,-2.0,0.0
3,0.0,-2.0,0.0
4,0.0,2.0,0.0
5,0.0,2.0,0.0
6,0.0,-2.0,0.0
7,0.0,-2.0,0.0
8,0.0,1.996089927833914,0.125
9,0.0,1.996089927833914,-0.125
10,0.0,-1.996089927833914,0.125
11,0.0,-1.996089927833914,-0.125
12,0.0,1.996089927833914,0.125
13,0.0,1.996089927833914,-0.125
14,0.0,-1.996089927833914,0.125
15,0.0,-1.996089927833914,-0.125
16,0.0,1.984313483298443,0.25
17,0.0,1.984313483298443,-0.25
18,0.0,-1.984313483298443,0.25
19,0.0,-1.984313483298443,-0.25
20,0.0,1.984313483298443,0.25
21,0.0,1.984313483298443,-0.25
22,0.0,-1.984313483298443,0.25
23,0.0,-1.984313483298443,-0.25
24,0.0,1.964529205687714,0.375
25,0.0,1.964529205687714,-0.375
26,0.0,-1.964529205687714,0.375
27,0.0,-1.964529205687714,-0.375
28,0.0,1.964529205687714,0.375
29,0.0,1.964529205687714,-0.375
30,0.0,-1.964529205687714,0.375
31,0.0,-1.964529205687714,-0.375
32,0.0,1.9364916731037085,0.5
33,0.0,1.9364916731037085,-0.5
34,0.0,-1.9364916731037085,0.5
35,0.0,-1.9364916731037085,-0.5
36,0.0,1.9364916731037085,0.5
37,0.0,1.9364916731037085,-0.5
38,0.0,-1.9364916731037085,0.5
39,0.0,-1.9364916731037085,-0.5
40,0.0,1.899835519196333,0.625
41,0.0,1.899835519196333,-0.625
42,0.0,-1.899835519196333,0.625
43,0.0,-1.899835519196333,-0.625
44,0.0,1.899835519196333,0.625
45,0.0,1.899835519196333,-0.625
46,0.0,-1.899835519196333,0.625
47,0.0,-1.899835519196333,-0.625
48,0.0,1.8540496217739157,0.75
49,0.0,1.8540496217739157,-0.75
50,0.0,-1.8540496217739157,0.75
51,0.0,-1.8540496217739157,-0.75
52,0.0,1.8540496217739157,0.75
53,0.0,1.8540496217739157,-0.75
54,0.0,-1.8540496217739157,0.75
55,0.0,-1.8540496217739157,-0.75
56,0.0,1.79843682124227,0.875
57,0.0,1.79843682124227,-0.875
58,0.0,-1.79843682124227,0.875
59,0.0,-1.79843682124227,-0.875
60,0.0,1.79843682124227,0.875
61,0.0,1.79843682124227,-0.875
62,0.0,-1.79843682124227,0.875
63,0.0,-1.79843682124227,-0.875
64,0.0,1.7320508075688772,1.0
65,0.0,1.7320508075688772,-1.0
66,0.0,-1.7320508075688772,1.0
67,0.0,-1.7320508075688772,-1.0
68,0.0,1.7320508075688772,1.0
69,0.0,1.7320508075688772,-1.0
70,0.0,-1.7320508075688772,1.0
71,0.0,-1.7320508075688772,-1.0
72,0.0,1.653594569415369,1.125
73,0.0,1.653594569415369,-1.125
74,0.0,-1.653594569415369,1.125
75,0.0,-1.653594569415369,-1.125
76,0.0,1.653594569415369,1.125
77,0.0,1.653594569415369,-1.125
78,0.0,-1.653594569415369,1.125
79,0.0,-1.653594569415369,-1.125
80,0.0,1.5612494995995996,1.25
81,0.0,1.5612494995995996,-1.25
82,0.0,-1.5612494995995996,1.25
83,0.0,-1.5612494995995996,-1.25
84,0.0,1.5612494995995996,1.25
85,0.0,1.5612494995995996,-1.25
86,0.0,-1.5612494995995996,1.25
87,0.0,-1.5612494995995996,-1.25
88,0.0,1.4523687548277813,1.375
89,0.0,1.4523687548277813,-1.375
90,0.0,-1.4523687548277813,1.375
91,0.0,-1.4523687548277813,-1.375
92,0.0,1.4523687548277813,1.375
93,0.0,1.4523687548277813,-1.375
94,0.0,-1.4523687548277813,1.375
95,0.0,-1.4523687548277813,-1.375
96,0.0,1.3228756555322954,1.5
97,0.0,1.3228756555322954,-1.5
98,0.0,-1.3228756555322954,1.5
99,0.0,-1.3228756555322954,-1.5
100,0.0,1.3228756555322954,1.5
101,0.0,1.3228756555322954,-1.5
102,0.0,-1.3228756555322954,1.5
103,0.0,-1.3228756555322954,-1.5
104,0.0,1.165922381636102,1.625
105,0.0,1.165922381636102,-1.625
106,0.0,-1.165922381636102,1.625
107,0.0,-1.165922381636102,-1.625
108,0.0,1.165922381636102,1.625
109,0.0,1.165922381636102,-1.625
110,0.0,-1.165922381636102,1.625
111,0.0,-1.165922381636102,-1.625
112,0.0,0.9682458365518543,1.75
113,0.0,0.9682458365518543,-1.75
114,0.0,-0.9682458365518543,1.75
115,0.0,-0.9682458365518543,-1.75
116,0.0,0.9682458365518543,1.75
117,0.0,0.9682458365518543,-1.75
118,0.0,-0.9682458365518543,1.75
119,0.0,-0.9682458365518543,-1.75
120,0.0,0.6959705453537527,1.875
121,0.0,0.6959705453537527,-1.875
122,0.0,-0.6959705453537527,1.875
123,0.0,-0.6959705453537527,-1.875
124,0.0,0.6959705453537527,1.875
125,0.0,0.6959705453537527,-1.875
126,0.0,-0.6959705453537527,1.875
127,0.0,-0.6959705453537527,-1.875
128,0.125,1.996089927833914,0.0
129,0.125,1.996089927833914,0.0
130,0.125,-1.996089927833914,0.0
131,0.125,-1.996089927833914,0.0
132,-0.125,1.996089927833914,0.0
133,-0.125,1.996089927833914,0.0
134,-0.125,-1.996089927833914,0.0
135,-0.125,-1.996089927833914,0.0
136,0.1171875,1.992647005830122,0.125
137,0.1171875,1.992647005830122,-0.125
138,0.1171875,-1.992647005830122,0.125
139,0.1171875,-1.992647005830122,-0.125
140,-0.1171875,1.992647005830122,0.125
141,-0.1171875,1.992647005830122,-0.125
142,-0.1171875,-1.992647005830122,0.125
143,-0.1171875,-1.992647005830122,-0.125
144,0.109375,1.981296825156443,0.25
145,0.109375,1.981296825156443,-0.25
146,0.109375,-1.981296825156443,0.25
147,0.109375,-1.981296825156443,-0.25
148,-0.109375,1.981296825156443,0.25
149,-0.109375,1.981296825156443,-0.25
150,-0.109375,-1.981296825156443,0.25
151,-0.109375,-1.981296825156443,-0.25
152,0.1015625,1.961902153165073,0.375
153,0.1015625,1.961902153165073,-0.375
154,0.1015625,-1.961902153165073,0.375
155,0.1015625,-1.961902153165073,-0.375
156,-0.1015625,1.961902153165073,0.375
157,-0.1015625,1.961902153165073,-0.375
158,-0.1015625,-1.961902153165073,0.375
159,-0.1015625,-1.961902153165073,-0.375
160,0.09375,1.9342210156804729,0.5
161,0.09375,1.9342210156804729,-0.5
162,0.09375,-1.9342210156804729,0.5
163,0.09375,-1.9342210156804729,-0.5
164,-0.09375,1.9342210156804729,0.5
165,-0.09375,1.9342210156804729,-0.5
166,-0.09375,-1.9342210156804729,0.5
167,-0.09375,-1.9342210156804729,-0.5
168,0.0859375,1.8978908678039814,0.625
169,0.0859375,1.8978908678039814,-0.625
170,0.0859375,-1.8978908678039814,0.625
171,0.0859375,-1.8978908678039814,-0.625
172,-0.0859375,1.8978908678039814,0.625
173,-0.0859375,1.8978908678039814,-0.625
174,-0.0859375,-1.8978908678039814,0.625
175,-0.0859375,-1.8978908678039814,-0.625
176,0.078125,1.8524028947221498,0.75
177,0.078125,1.8524028947221498,-0.75
178,0.078125,-1.8524028947221498,0.75
179,0.078125,-1.8524028947221498,-0.75
180,-0.078125,1.8524028947221498,0.75
181,-0.078125,1.8524028947221498,-0.75
182,-0.078125,-1.8524028947221498,0.75
183,-0.078125,-1.8524028947221498,-0.75
184,0.0703125,1.7970618109413348,0.875
185,0.0703125,1.7970618109413348,-0.875
186,0.0703125,-1.7970618109413348,0.875
187,0.0703125,-1.7970618109413348,-0.875
188,-0.0703125,1.7970618109413348,0.875
189,-0.0703125,1.7970618109413348,-0.875
190,-0.0703125,-1.7970618109413348,0.875
191,-0.0703125,-1.7970618109413348,-0.875
192,0.0625,1.7309228030157786,1.0
193,0.0625,1.7309228030157786,-1.0
194,0.0625,-1.7309228030157786,1.0
195,0.0625,-1.7309228030157786,-1.0
196,-0.0625,1.7309228030157786,1.0
197,-0.0625,1.7309228030157786,-1.0
198,-0.0625,-1.7309228030157786,1.0
199,-0.0625,-1.7309228030157786,-1.0
200,0.0546875,1.6526900124777635,1.125
201,0.0546875,1.6526900124777635,-1.125
202,0.0546875,-1.6526900124777635,1.125
203,0.0546875,-1.6526900124777635,-1.125
204,-0.0546875,1.6526900124777635,1.125
205,-0.0546875,1.6526900124777635,-1.125
206,-0.0546875,-1.6526900124777635,1.125
207,-0.0546875,-1.6526900124777635,-1.125
208,0.046875,1.5605456527686077,1.25
209,0.046875,1.5605456527686077,-1.25
210,0.046875,-1.5605456527686077,1.25
211,0.046875,-1.5605456527686077,-1.25
212,-0.046875,1.5605456527686077,1.25
213,-0.046875,1.5605456527686077,-1.25
214,-0.046875,-1.5605456527686077,1.25
215,-0.046875,-1.5605456527686077,-1.25
216,0.0390625,1.4518433528083359,1.375
217,0.0390625,1.4518433528083359,-1.375
218,0.0390625,-1.4518433528083359,1.375
219,0.0390625,-1.4518433528083359,-1.375
220,-0.0390625,1.4518433528083359,1.375
221,-0.0390625,1.4518433528083359,-1.375
222,-0.0390625,-1.4518433528083359,1.375
223,-0.0390625,-1.4518433528083359,-1.375
224,0.03125,1.3225064980936767,1.5
225,0.03125,1.3225064980936767,-1.5
226,0.03125,-1.3225064980936767,1.5
227,0.03125,-1.3225064980936767,-1.5
228,-0.03125,1.3225064980936767,1.5
229,-0.03125,1.3225064980936767,-1.5
230,-0.03125,-1.3225064980936767,1.5
231,-0.03125,-1.3225064980936767,-1.5
232,0.0234375,1.1656867862310827,1.625
233,0.0234375,1.1656867862310827,-1.625
234,0.0234375,-1.1656867862310827,1.625
235,0.0234375,-1.1656867862310827,-1.625
236,-0.0234375,1.1656867862310827,1.625
237,-0.0234375,1.1656867862310827,-1.625
238,-0.0234375,-1.1656867862310827,1.625
239,-0.0234375,-1.1656867862310827,-1.625
240,0.015625,0.9681197546662293,1.75
241,0.015625,0.9681197546662293,-1.75
242,0.015625,-0.9681197546662293,1.75
243,0.015625,-0.9681197546662293,-1.75
244,-0.015625,0.9681197546662293,1.75
245,-0.015625,0.9681197546662293,-1.75
246,-0.015625,-0.9681197546662293,1.75
247,-0.015625,-0.9681197546662293,-1.75
248,0.0078125,0.6959266950216452,1.875
249,0.0078125,0.6959266950216452,-1.875
250,0.0078125,-0.6959266950216452,1.875
251,0.0078125,-0.6959266950216452,-1.875
252,-0.0078125,0.6959266950216452,1.875
253,-0.0078125,0.6959266950216452,-1.875
254,-0.0078125,-0.6959266950216452,1.875
255,-0.0078125,-0.6959266950216452,-1.875
256,0.25,1.984313483298443,0.0
257,0.25,1.984313483298443,0.0
258,0.25,-1.984313483298443,0.0
259,0.25,-1.984313483298443,0.0
260,-0.25,1.984313483298443,0.0
261,-0.25,1.984313483298443,0.0
262,-0.25,-1.984313483298443,0.0
263,-0.25,-1.984313483298443,0.0
264,0.234375,1.9822823611622538,0.125
265,0.234375,1.9822823611622538,-0.125
266,0.234375,-1.9822823611622538,0.125
267,0.234375,-1.9822823611622538,-0.125
268,-0.234375,1.9822823611622538,0.125
269,-0.234375,1.9822823611622538,-0.125
270,-0.234375,-1.9822823611622538,0.125
271,-0.234375,-1.9822823611622538,-0.125
272,0.21875,1.9722191656862074,0.25
273,0.21875,1.9722191656862074,-0.25
274,0.21875,-1.9722191656862074,0.25
275,0.21875,-1.9722191656862074,-0.25
276,-0.21875,1.9722191656862074,0.25
277,-0.21875,1.9722191656862074,-0.25
278,-0.21875,-1.9722191656862074,0.25
279,-0.21875,-1.9722191656862074,-0.25
280,0.203125,1.9539998040877589,0.375
281,0.203125,1.9539998040877589,-0.375
282,0.203125,-1.9539998040877589,0.375
283,0.203125,-1.9539998040877589,-0.375
284,-0.203125,1.9539998040877589,0.375
285,-0.203125,1.9539998040877589,-0.375
286,-0.203125,-1.9539998040877589,0.375
287,-0.203125,-1.9539998040877589,-0.375
288,0.1875,1.9273929931386593,0.5
289,0.1875,1.9273929931386593,-0.5
290,0.1875,-1.9273929931386593,0.5
291,0.1875,-1.9273929931386593,-0.5
292,-0.1875,1.9273929931386593,0.5
293,-0.1875,1.9273929931386593,-0.5
294,-0.1875,-1.9273929931386593,0.5
295,-0.1875,-1.9273929931386593,-0.5
296,0.171875,1.8920449213417212,0.625
297,0.171875,1.8920449213417212,-0.625
298,0.171875,-1.8920449213417212,0.625
299,0.171875,-1.8920449213417212,-0.625
300,-0.171875,1.8920449213417212,0.625
301,-0.171875,1.8920449213417212,-0.625
302,-0.171875,-1.8920449213417212,0.625
303,-0.171875,-1.8920449213417212,-0.625
304,0.15625,1.8474539067321816,0.75
305,0.15625,1.8474539067321816,-0.75
306,0.15625,-1.8474539067321816,0.75
307,0.15625,-1.8474539067321816,-0.75
308,-0.15625,1.8474539067321816,0.75
309,-0.15625,1.8474539067321816,-0.75
310,-0.15625,-1.8474539067321816,0.75
311,-0.15625,-1.8474539067321816,-0.75
312,0.140625,1.7929304530223698,0.875
313,0.140625,1.7929304530223698,-0.875
314,0.140625,-1.7929304530223698,0.875
315,0.140625,-1.7929304530223698,-0.875
316,-0.140625,1.7929304530223698,0.875
317,-0.140625,1.7929304530223698,-0.875
318,-0.140625,-1.7929304530223698,0.875
319,-0.140625,-1.7929304530223698,-0.875
320,0.125,1.7275343701356567,1.0
321,0.125,1.7275343701356567,-1.0
322,0.125,-1.7275343701356567,1.0
323,0.125,-1.7275343701356567,-1.0
324,-0.125,1.7275343701356567,1.0
325,-0.125,1.7275343701356567,-1.0
326,-0.125,-1.7275343701356567,1.0
327,-0.125,-1.7275343701356567,-1.0
328,0.109375,1.6499733662623164,1.125
329,0.109375,1.6499733662623164,-1.125
330,0.109375,-1.6499733662623164,1.125
331,0.109375,-1.6499733662623164,-1.125
332,-0.109375,1.6499733662623164,1.125
333,-0.109375,1.6499733662623164,-1.125
334,-0.109375,-1.6499733662623164,1.125
335,-0.109375,-1.6499733662623164,-1.125
336,0.09375,1.5584322049739603,1.25
337,0.09375,1.5584322049739603,-1.25
338,0.09375,-1.5584322049739603,1.25
339,0.09375,-1.5584322049739603,-1.25
340,-0.09375,1.5584322049739603,1.25
341,-0.09375,1.5584322049739603,-1.25
342,-0.09375,-1.5584322049739603,1.25
343,-0.09375,-1.5584322049739603,-1.25
344,0.078125,1.4502660046953455,1.375
345,0.078125,1.4502660046953455,-1.375
346,0.078125,-1.4502660046953455,1.375
347,0.078125,-1.4502660046953455,-1.375
348,-0.078125,1.4502660046953455,1.375
349,-0.078125,1.4502660046953455,-1.375
350,-0.078125,-1.4502660046953455,1.375
351,-0.078125,-1.4502660046953455,-1.375
352,0.0625,1.3213984069916234,1.5
353,0.0625,1.3213984069916234,-1.5
354,0.0625,-1.3213984069916234,1.5
355,0.0625,-1.3213984069916234,-1.5
356,-0.0625,1.3213984069916234,1.5
357,-0.0625,1.3213984069916234,-1.5
358,-0.0625,-1.3213984069916234,1.5
359,-0.0625,-1.3213984069916234,-1.5
360,0.046875,1.164979714147418,1.625
361,0.046875,1.164979714147418,-1.625
362,0.046875,-1.164979714147418,1.625
363,0.046875,-1.164979714147418,-1.625
364,-0.046875,1.164979714147418,1.625
365,-0.046875,1.164979714147418,-1.625
366,-0.046875,-1.164979714147418,1.625
367,-0.046875,-1.164979714147418,-1.625
368,0.03125,0.9677414104501264,1.75
369,0.03125,0.9677414104501264,-1.75
370,0.03125,-0.9677414104501264,1.75
371,0.03125,-0.9677414104501264,-1.75
372,-0.03125,0.9677414104501264,1.75
373,-0.03125,0.9677414104501264,-1.75
374,-0.03125,-0.9677414104501264,1.75
375,-0.03125,-0.9677414104501264,-1.75
376,0.015625,0.695795127444135,1.875
377,0.015625,0.695795127444135,-1.875
378,0.015625,-0.695795127444135,1.875
379,0.015625,-0.695795127444135,-1.875
380,-0.015625,0.695795127444135,1.875
381,-0.015625,0.695795127444135,-1.875
382,-0.015625,-0.695795127444135,1.875
383,-0.015625,-0.695795127444135,-1.875
384,0.375,1.964529205687714,0.0
385,0.375,1.964529205687714,0.0
386,0.375,-1.964529205687714,0.0
387,0.375,-1.964529205687714,0.0
388,-0.375,1.964529205687714,0.0
389,-0.375,1.964529205687714,0.0
390,-0.375,-1.964529205687714,0.0
391,-0.375,-1.964529205687714,0.0
392,0.3515625,1.9648864620109097,0.125
393,0.3515625,1.9648864620109097,-0.125
394,0.3515625,-1.9648864620109097,0.125
395,0.3515625,-1.9648864620109097,-0.125
396,-0.3515625,1.9648864620109097,0.125
397,-0.3515625,1.9648864620109097,-0.125
398,-0.3515625,-1.9648864620109097,0.125
399,-0.3515625,-1.9648864620109097,-0.125
400,0.328125,1.9569961636076347,0.25
401,0.328125,1.9569961636076347,-0.25
402,0.328125,-1.9569961636076347,0.25
403,0.328125,-1.9569961636076347,-0.25
404,-0.328125,1.9569961636076347,0.25
405,-0.328125,1.9569961636076347,-0.25
406,-0.328125,-1.9569961636076347,0.25
407,-0.328125,-1.9569961636076347,-0.25
408,0.3046875,1.940757719898017,0.375
409,0.3046875,1.940757719898017,-0.375
410,0.3046875,-1.940757719898017,0.375
411,0.3046875,-1.940757719898017,-0.375
412,-0.3046875,1.940757719898017,0.375
413,-0.3046875,1.940757719898017,-0.375
414,-0.3046875,-1.940757719898017,0.375
415,-0.3046875,-1.940757719898017,-0.375
416,0.28125,1.9159588819961664,0.5
417,0.28125,1.9159588819961664,-0.5
418,0.28125,-1.9159588819961664,0.5
419,0.28125,-1.9159588819961664,-0.5
420,-0.28125,1.9159588819961664,0.5
421,-0.28125,1.9159588819961664,-0.5
422,-0.28125,-1.9159588819961664,0.5
423,-0.28125,-1.9159588819961664,-0.5
424,0.2578125,1.8822613301143256,0.625
425,0.2578125,1.8822613301143256,-0.625
426,0.2578125,-1.8822613301143256,0.625
427,0.2578125,-1.8822613301143256,-0.625
428,-0.2578125,1.8822613301143256,0.625
429,-0.2578125,1.8822613301143256,-0.625
430,-0.2578125,-1.8822613301143256,0.625
431,-0.2578125,-1.8822613301143256,-0.625
432,0.234375,1.8391760001084725,0.75
433,0.234375,1.8391760001084725,-0.75
434,0.234375,-1.8391760001084725,0.75
435,0.234375,-1.8391760001084725,-0.75
436,-0.234375,1.8391760001084725,0.75
437,-0.234375,1.8391760001084725,-0.75
438,-0.234375,-1.8391760001084725,0.75
439,-0.234375,-1.8391760001084725,-0.75
440,0.2109375,1.786023619970842,0.875
441,0.2109375,1.786023619970842,-0.875
442,0.2109375,-1.786023619970842,0.875
443,0.2109375,-1.786023619970842,-0.875
444,-0.2109375,1.786023619970842,0.875
445,-0.2109375,1.786023619970842,-0.875
446,-0.2109375,-1.786023619970842,0.875
447,-0.2109375,-1.786023619970842,-0.875
448,0.1875,1.7218721642444887,1.0
449,0.1875,1.7218721642444887,-1.0
450,0.1875,-1.7218721642444887,1.0
451,0.1875,-1.7218721642444887,-1.0
452,-0.1875,1.7218721642444887,1.0
453,-0.1875,1.7218721642444887,-1.0
454,-0.1875,-1.7218721642444887,1.0
455,-0.1875,-1.7218721642444887,-1.0
456,0.1640625,1.645435655409761,1.125
457,0.1640625,1.645435655409761,-1.125
458,0.1640625,-1.645435655409761,1.125
459,0.1640625,-1.645435655409761,-1.125
460,-0.1640625,1.645435655409761,1.125
461,-0.1640625,1.645435655409761,-1.125
462,-0.1640625,-1.645435655409761,1.125
463,-0.1640625,-1.645435655409761,-1.125
464,0.140625,1.5549034083746167,1.25
465,0.140625,1.5549034083746167,-1.25
466,0.140625,-1.5549034083746167,1.25
467,0.140625,-1.5549034083746167,-1.25
468,-0.140625,1.5549034083746167,1.25
469,-0.140625,1.5549034083746167,-1.25
470,-0.140625,-1.5549034083746167,1.25
471,-0.140625,-1.5549034083746167,-1.25
472,0.1171875,1.4476332718764617,1.375
473,0.1171875,1.4476332718764617,-1.375
474,0.1171875,-1.4476332718764617,1.375
475,0.1171875,-1.4476332718764617,-1.375
476,-0.1171875,1.4476332718764617,1.375
477,-0.1171875,1.4476332718764617,-1.375
478,-0.1171875,-1.4476332718764617,1.375
479,-0.1171875,-1.4476332718764617,-1.375
480,0.09375,1.3195495206698382,1.5
481,0.09375,1.3195495206698382,-1.5
482,0.09375,-1.3195495206698382,1.5
483,0.09375,-1.3195495206698382,-1.5
484,-0.09375,1.3195495206698382,1.5
485,-0.09375,1.3195495206698382,-1.5
486,-0.09375,-1.3195495206698382,1.5
487,-0.09375,-1.3195495206698382,-1.5
488,0.0703125,1.1638003060421276,1.625
489,0.0703125,1.1638003060421276,-1.625
490,0.0703125,-1.1638003060421276,1.625
491,0.0703125,-1.1638003060421276,-1.625
492,-0.0703125,1.1638003060421276,1.625
493,-0.0703125,1.1638003060421276,-1.625
494,-0.0703125,-1.1638003060421276,1.625
495,-0.0703125,-1.1638003060421276,-1.625
496,0.046875,0.9671105078402364,1.75
497,0.046875,0.9671105078402364,-1.75
498,0.046875,-0.9671105078402364,1.75
499,0.046875,-0.9671105078402364,-1.75
500,-0.046875,0.9671105078402364,1.75
501,-0.046875,0.9671105078402364,-1.75
502,-0.046875,-0.9671105078402364,1.75
503,-0.046875,-0.9671105078402364,-1.75
504,0.0234375,0.6955757928462937,1.875
505,0.0234375,0.6955757928462937,-1.875
506,0.0234375,-0.6955757928462937,1.875
507,0.0234375,-0.6955757928462937,-1.875
508,-0.0234375,0.6955757928462937,1.875
509,-0.0234375,0.6955757928462937,-1.875
510,-0.0234375,-0.6955757928462937,1.875
511,-0.0234375,-0.6955757928462937,-1.875
512,0.5,1.9364916731037085,0.0
513,0.5,1.9364916731037085,0.0
514,0.5,-1.9364916731037085,0.0
515,0.5,-1.9364916731037085,0.0
516,-0.5,1.9364916731037085,0.0
517,-0.5,1.9364916731037085,0.0
518,-0.5,-1.9364916731037085,0.0
519,-0.5,-1.9364916731037085,0.0
520,0.46875,1.9402701970344234,0.125
521,0.46875,1.9402701970344234,-0.125
522,0.46875,-1.9402701970344234,0.125
523,0.46875,-1.9402701970344234,-0.125
524,-0.46875,1.9402701970344234,0.125
525,-0.46875,1.9402701970344234,-0.125
526,-0.46875,-1.9402701970344234,0.125
527,-0.46875,-1.9402701970344234,-0.125
528,0.4375,1.9354828209002528,0.25
529,0.4375,1.9354828209002528,-0.25
530,0.4375,-1.9354828209002528,0.25
531,0.4375,-1.9354828209002528,-0.25
532,-0.4375,1.9354828209002528,0.25
533,-0.4375,1.9354828209002528,-0.25
534,-0.4375,-1.9354828209002528,0.25
535,-0.4375,-1.9354828209002528,-0.25
536,0.40625,1.9220655393352226,0.375
537,0.40625,1.9220655393352226,-0.375
538,0.40625,-1.9220655393352226,0.375
539,0.40625,-1.9220655393352226,-0.375
540,-0.40625,1.9220655393352226,0.375
541,-0.40625,1.9220655393352226,-0.375
542,-0.40625,-1.9220655393352226,0.375
543,-0.40625,-1.9220655393352226,-0.375
544,0.375,1.899835519196333,0.5
545,0.375,1.899835519196333,-0.5
546,0.375,-1.899835519196333,0.5
547,0.375,-1.899835519196333,-0.5
548,-0.375,1.899835519196333,0.5
549,-0.375,1.899835519196333,-0.5
550,-0.375,-1.899835519196333,0.5
551,-0.375,-1.899835519196333,-0.5
552,0.34375,1.8684782411095935,0.625
553,0.34375,1.8684782411095935,-0.625
554,0.34375,-1.8684782411095935,0.625
555,0.34375,-1.8684782411095935,-0.625
556,-0.34375,1.8684782411095935,0.625
557,-0.34375,1.8684782411095935,-0.625
558,-0.34375,-1.8684782411095935,0.625
559,-0.34375,-1.8684782411095935,-0.625
560,0.3125,1.8275239396516807,0.75
561,0.3125,1.8275239396516807,-0.75
562,0.3125,-1.8275239396516807,0.75
563,0.3125,-1.8275239396516807,-0.75
564,-0.3125,1.8275239396516807,0.75
565,-0.3125,1.8275239396516807,-0.75
566,-0.3125,-1.8275239396516807,0.75
567,-0.3125,-1.8275239396516807,-0.75
568,0.28125,1.776308936390289,0.875
569,0.28125,1.776308936390289,-0.875
570,0.28125,-1.776308936390289,0.875
571,0.28125,-1.776308936390289,-0.875
572,-0.28125,1.776308936390289,0.875
573,-0.28125,1.776308936390289,-0.875
574,-0.28125,-1.776308936390289,0.875
575,-0.28125,-1.776308936390289,-0.875
576,0.25,1.713913650100261,1.0
577,0.25,1.713913650100261,-1.0
578,0.25,-1.713913650100261,1.0
579,0.25,-1.713913650100261,-1.0
580,-0.25,1.713913650100261,1.0
581,-0.25,1.713913650100261,-1.0
582,-0.25,-1.713913650100261,1.0
583,-0.25,-1.713913650100261,-1.0
584,0.21875,1.6390617552429194,1.125
585,0.21875,1.6390617552429194,-1.125
586,0.21875,-1.6390617552429194,1.125
587,0.21875,-1.6390617552429194,-1.125
588,-0.21875,1.6390617552429194,1.125
589,-0.21875,1.6390617552429194,-1.125
590,-0.21875,-1.6390617552429194,1.125
591,-0.21875,-1.6390617552429194,-1.125
592,0.1875,1.5499495959546556,1.25
593,0.1875,1.5499495959546556,-1.25
594,0.1875,-1.5499495959546556,1.25
595,0.1875,-1.5499495959546556,-1.25
596,-0.1875,1.5499495959546556,1.25
597,-0.1875,1.5499495959546556,-1.25
598,-0.1875,-1.5499495959546556,1.25
599,-0.1875,-1.5499495959546556,-1.25
600,0.15625,1.4439393815184902,1.375
601,0.15625,1.4439393815184902,-1.375
602,0.15625,-1.4439393815184902,1.375
603,0.15625,-1.4439393815184902,-1.375
604,-0.15625,1.4439393815184902,1.375
605,-0.15625,1.4439393815184902,-1.375
606,-0.15625,-1.4439393815184902,1.375
607,-0.15625,-1.4439393815184902,-1.375
608,0.125,1.3169567191065923,1.5
609,0.125,1.3169567191065923,-1.5
610,0.125,-1.3169567191065923,1.5
611,0.125,-1.3169567191065923,-1.5
612,-0.125,1.3169567191065923,1.5
613,-0.125,1.3169567191065923,-1.5
614,-0.125,-1.3169567191065923,1.5
615,-0.125,-1.3169567191065923,-1.5
616,0.09375,1.1621471238616907,1.625
617,0.09375,1.1621471238616907,-1.625
618,0.09375,-1.1621471238616907,1.625
619,0.09375,-1.1621471238616907,-1.625
620,-0.09375,1.1621471238616907,1.625
621,-0.09375,1.1621471238616907,-1.625
622,-0.09375,-1.1621471238616907,1.625
623,-0.09375,-1.1621471238616907,-1.625
624,0.0625,0.9662265521087692,1.75
625,0.0625,0.9662265521087692,-1.75
626,0.0625,-0.9662265521087692,1.75
627,0.0625,-0.9662265521087692,-1.75
628,-0.0625,0.9662265521087692,1.75
629,-0.0625,0.9662265521087692,-1.75
630,-0.0625,-0.9662265521087692,1.75
631,-0.0625,-0.9662265521087692,-1.75
632,0.03125,0.6952686081652184,1.875
633,0.03125,0.6952686081652184,-1.875
634,0.03125,-0.6952686081652184,1.875
635,0.03125,-0.6952686081652184,-1.875
636,-0.03125,0.6952686081652184,1.875
637,-0.03125,0.6952686081652184,-1.875
638,-0.03125,-0.6952686081652184,1.875
639,-0.03125,-0.6952686081652184,-1.875
640,0.625,1.899835519196333,0.0
641,0.625,1.899835519196333,0.0
642,0.625,-1.899835519196333,0.0
643,0.625,-1.899835519196333,0.0
644,-0.625,1.899835519196333,0.0
645,-0.625,1.899835519196333,0.0
646,-0.625,-1.899835519196333,0.0
647,-0.625,-1.899835519196333,0.0
648,0.5859375,1.9081541463135911,0.125
649,0.5859375,1.9081541463135911,-0.125
650,0.5859375,-1.9081541463135911,0.125
651,0.5859375,-1.9081541463135911,-0.125
652,-0.5859375,1.9081541463135911,0.125
653,-0.5859375,1.9081541463135911,-0.125
654,-0.5859375,-1.9081541463135911,0.125
655,-0.5859375,-1.9081541463135911,-0.125
656,0.546875,1.9074663127759295,0.25
657,0.546875,1.9074663127759295,-0.25
658,0.546875,-1.9074663127759295,0.25
659,0.546875,-1.9074663127759295,-0.25
660,-0.546875,1.9074663127759295,0.25
661,-0.546875,1.9074663127759295,-0.25
662,-0.546875,-1.9074663127759295,0.25
663,-0.546875,-1.9074663127759295,-0.25
664,0.5078125,1.8977622255814215,0.375
665,0.5078125,1.8977622255814215,-0.375
666,0.5078125,-1.8977622255814215,0.375
667,0.5078125,-1.8977622255814215,-0.375
668,-0.5078125,1.8977622255814215,0.375
669,-0.5078125,1.8977622255814215,-0.375
670,-0.5078125,-1.8977622255814215,0.375
671,-0.5078125,-1.8977622255814215,-0.375
672,0.46875,1.8789021894446767,0.5
673,0.46875,1.8789021894446767,-0.5
674,0.46875,-1.8789021894446767,0.5
675,0.46875,-1.8789021894446767,-0.5
676,-0.46875,1.8789021894446767,0.5
677,-0.46875,1.8789021894446767,-0.5
678,-0.46875,-1.8789021894446767,0.5
679,-0.46875,-1.8789021894446767,-0.5
680,0.4296875,1.8506062931763065,0.625
681,0.4296875,1.8506062931763065,-0.625
682,0.4296875,-1.8506062931763065,0.625
683,0.4296875,-1.8506062931763065,-0.625
684,-0.4296875,1.8506062931763065,0.625
685,-0.4296875,1.8506062931763065,-0.625
686,-0.4296875,-1.8506062931763065,0.625
687,-0.4296875,-1.8506062931763065,-0.625
688,0.390625,1.812432649610738,0.75
689,0.390625,1.812432649610738,-0.75
690,0.390625,-1.812432649610738,0.75
691,0.390625,-1.812432649610738,-0.75
692,-0.390625,1.812432649610738,0.75
693,-0.390625,1.812432649610738,-0.75
694,-0.390625,-1.812432649610738,0.75
695,-0.390625,-1.812432649610738,-0.75
696,0.3515625,1.7637400059514865,0.875
697,0.3515625,1.7637400059514865,-0.875
698,0.3515625,-1.7637400059514865,0.875
699,0.3515625,-1.7637400059514865,-0.875
700,-0.3515625,1.7637400059514865,0.875
701,-0.3515625,1.7637400059514865,-0.875
702,-0.3515625,-1.7637400059514865,0.875
703,-0.3515625,-1.7637400059514865,-0.875
704,0.3125,1.7036266463048764,1.0
705,0.3125,1.7036266463048764,-1.0
706,0.3125,-1.7036266463048764,1.0
707,0.3125,-1.7036266463048764,-1.0
708,-0.3125,1.7036266463048764,1.0
709,-0.3125,1.7036266463048764,-1.0
710,-0.3125,-1.7036266463048764,1.0
711,-0.3125,-1.7036266463048764,-1.0
712,0.2734375,1.6308301363396955,1.125
713,0.2734375,1.6308301363396955,-1.125
714,0.2734375,-1.6308301363396955,1.125
715,0.2734375,-1.6308301363396955,-1.125
716,-0.2734375,1.6308301363396955,1.125
717,-0.2734375,1.6308301363396955,-1.125
718,-0.2734375,-1.6308301363396955,1.125
719,-0.2734375,-1.6308301363396955,-1.125
720,0.234375,1.5435570476581033,1.25
721,0.234375,1.5435570476581033,-1.25
722,0.234375,-1.5435570476581033,1.25
723,0.234375,-1.5435570476581033,-1.25
724,-0.234375,1.5435570476581033,1.25
725,-0.234375,1.5435570476581033,-1.25
726,-0.234375,-1.5435570476581033,1.25
727,-0.234375,-1.5435570476581033,-1.25
728,0.1953125,1.4391761627207942,1.375
729,0.1953125,1.4391761627207942,-1.375
730,0.1953125,-1.4391761627207942,1.375
731,0.1953125,-1.4391761627207942,-1.375
732,-0.1953125,1.4391761627207942,1.375
733,-0.1953125,1.4391761627207942,-1.375
734,-0.1953125,-1.4391761627207942,1.375
735,-0.1953125,-1.4391761627207942,-1.375
736,0.15625,1.3136155973114814,1.5
737,0.15625,1.3136155973114814,-1.5
738,0.15625,-1.3136155973114814,1.5
739,0.15625,-1.3136155973114814,-1.5
740,-0.15625,1.3136155973114814,1.5
741,-0.15625,1.3136155973114814,-1.5
742,-0.15625,-1.3136155973114814,1.5
743,-0.15625,-1.3136155973114814,-1.5
744,0.1171875,1.1600181420321622,1.625
745,0.1171875,1.1600181420321622,-1.625
746,0.1171875,-1.1600181420321622,1.625
747,0.1171875,-1.1600181420321622,-1.625
748,-0.1171875,1.1600181420321622,1.625
749,-0.1171875,1.1600181420321622,-1.625
750,-0.1171875,-1.1600181420321622,1.625
751,-0.1171875,-1.1600181420321622,-1.625
752,0.078125,0.9650888479176412,1.75
753,0.078125,0.9650888479176412,-1.75
754,0.078125,-0.9650888479176412,1.75
755,0.078125,-0.9650888479176412,-1.75
756,-0.078125,0.9650888479176412,1.75
757,-0.078125,0.9650888479176412,-1.75
758,-0.078125,-0.9650888479176412,1.75
759,-0.078125,-0.9650888479176412,-1.75
760,0.0390625,0.6948734568925122,1.875
761,0.0390625,0.6948734568925122,-1.875
762,0.0390625,-0.6948734568925122,1.875
763,0.0390625,-0.6948734568925122,-1.875
764,-0.0390625,0.6948734568925122,1.875
765,-0.0390625,0.6948734568925122,-1.875
766,-0.0390625,-0.6948734568925122,1.875
767,-0.0390625,-0.6948734568925122,-1.875
768,0.75,1.8540496217739157,0.0
769,0.75,1.8540496217739157,0.0
770,0.75,-1.8540496217739157,0.0
771,0.75,-1.8540496217739157,0.0
772,-0.75,1.8540496217739157,0.0
773,-0.75,1.8540496217739157,0.0
774,-0.75,-1.8540496217739157,0.0
775,-0.75,-1.8540496217739157,0.0
776,0.703125,1.8681515555155048,0.125
777,0.703125,1.8681515555155048,-0.125
778,0.703125,-1.8681515555155048,0.125
779,0.703125,-1.8681515555155048,-0.125
780,-0.703125,1.8681515555155048,0.125
781,-0.703125,1.8681515555155048,-0.125
782,-0.703125,-1.8681515555155048,0.125
783,-0.703125,-1.8681515555155048,-0.125
784,0.65625,1.8726547833223293,0.25
785,0.65625,1.8726547833223293,-0.25
786,0.65625,-1.8726547833223293,0.25
787,0.65625,-1.8726547833223293,-0.25
788,-0.65625,1.8726547833223293,0.25
789,-0.65625,1.8726547833223293,-0.25
790,-0.65625,-1.8726547833223293,0.25
791,-0.65625,-1.8726547833223293,-0.25
792,0.609375,1.86762873970578,0.375
793,0.609375,1.86762873970578,-0.375
794,0.609375,-1.86762873970578,0.375
795,0.609375,-1.86762873970578,-0.375
796,-0.609375,1.86762873970578,0.375
797,-0.609375,1.86762873970578,-0.375
798,-0.609375,-1.86762873970578,0.375
799,-0.609375,-1.86762873970578,-0.375
800,0.5625,1.8529958850466992,0.5
801,0.5625,1.8529958850466992,-0.5
802,0.5625,-1.8529958850466992,0.5
803,0.5625,-1.8529958850466992,-0.5
804,-0.5625,1.8529958850466992,0.5
805,-0.5625,1.8529958850466992,-0.5
806,-0.5625,-1.8529958850466992,0.5
807,-0.5625,-1.8529958850466992,-0.5
808,0.515625,1.8285255971342047,0.625
809,0.515625,1.8285255971342047,-0.625
810,0.515625,-1.8285255971342047,0.625
811,0.515625,-1.8285255971342047,-0.625
812,-0.515625,1.8285255971342047,0.625
813,-0.515625,1.8285255971342047,-0.625
814,-0.515625,-1.8285255971342047,0.625
815,-0.515625,-1.8285255971342047,-0.625
816,0.46875,1.7938153298207706,0.75
817,0.46875,1.7938153298207706,-0.75
818,0.46875,-1.7938153298207706,0.75
819,0.46875,-1.7938153298207706,-0.75
820,-0.46875,1.7938153298207706,0.75
821,-0.46875,1.7938153298207706,-0.75
822,-0.46875,-1.7938153298207706,0.75
823,-0.46875,-1.7938153298207706,-0.75
824,0.421875,1.7482552686535797,0.875
825,0.421875,1.7482552686535797,-0.875
826,0.421875,-1.7482552686535797,0.875
827,0.421875,-1.7482552686535797,-0.875
828,-0.421875,1.7482552686535797,0.875
829,-0.421875,1.7482552686535797,-0.875
830,-0.421875,-1.7482552686535797,0.875
831,-0.421875,-1.7482552686535797,-0.875
832,0.375,1.6909686573085854,1.0
833,0.375,1.6909686573085854,-1.0
834,0.375,-1.6909686573085854,1.0
835,0.375,-1.6909686573085854,-1.0
836,-0.375,1.6909686573085854,1.0
837,-0.375,1.6909686573085854,-1.0
838,-0.375,-1.6909686573085854,1.0
839,-0.375,-1.6909686573085854,-1.0
840,0.328125,1.620712492817588,1.125
841,0.328125,1.620712492817588,-1.125
842,0.328125,-1.620712492817588,1.125
843,0.328125,-1.620712492817588,-1.125
844,-0.328125,1.620712492817588,1.125
845,-0.328125,1.620712492817588,-1.125
846,-0.328125,-1.620712492817588,1.125
847,-0.328125,-1.620712492817588,-1.125
848,0.28125,1.5357077969132018,1.25
849,0.28125,1.5357077969132018,-1.25
850,0.28125,-1.5357077969132018,1.25
851,0.28125,-1.5357077969132018,-1.25
852,-0.28125,1.5357077969132018,1.25
853,-0.28125,1.5357077969132018,-1.25
854,-0.28125,-1.5357077969132018,1.25
855,-0.28125,-1.5357077969132018,-1.25
856,0.234375,1.4333329548206863,1.375
857,0.234375,1.4333329548206863,-1.375
858,0.234375,-1.4333329548206863,1.375
859,0.234375,-1.4333329548206863,-1.375
860,-0.234375,1.4333329548206863,1.375
861,-0.234375,1.4333329548206863,-1.375
862,-0.234375,-1.4333329548206863,1.375
863,-0.234375,-1.4333329548206863,-1.375
864,0.1875,1.3095204274848102,1.5
865,0.1875,1.3095204274848102,-1.5
866,0.1875,-1.3095204274848102,1.5
867,0.1875,-1.3095204274848102,-1.5
868,-0.1875,1.3095204274848102,1.5
869,-0.1875,1.3095204274848102,-1.5
870,-0.1875,-1.3095204274848102,1.5
871,-0.1875,-1.3095204274848102,-1.5
872,0.140625,1.1574107349489204,1.625
873,0.140625,1.1574107349489204,-1.625
874,0.140625,-1.1574107349489204,1.625
875,0.140625,-1.1574107349489204,-1.625
876,-0.140625,1.1574107349489204,1.625
877,-0.140625,1.1574107349489204,-1.625
878,-0.140625,-1.1574107349489204,1.625
879,-0.140625,-1.1574107349489204,-1.625
880,0.09375,0.9636964965693297,1.75
881,0.09375,0.9636964965693297,-1.75
882,0.09375,-0.9636964965693297,1.75
883,0.09375,-0.9636964965693297,-1.75
884,-0.09375,0.9636964965693297,1.75
885,-0.09375,0.9636964965693297,-1.75
886,-0.09375,-0.9636964965693297,1.75
887,-0.09375,-0.9636964965693297,-1.75
888,0.046875,0.6943901888527804,1.875
889,0.046875,0.6943901888527804,-1.875
890,0.046875,-0.6943901888527804,1.875
891,0.046875,-0.6943901888527804,-1.875
892,-0.046875,0.6943901888527804,1.875
893,-0.046875,0.6943901888527804,-1.875
894,-0.046875,-0.6943901888527804,1.875
895,-0.046875,-0.6943901888527804,-1.875
896,0.875,1.79843682124227,0.0
897,0.875,1.79843682124227,0.0
898,0.875,-1.79843682124227,0.0
899,0.875,-1.79843682124227,0.0
900,-0.875,1.79843682124227,0.0
901,-0.875,1.79843682124227,0.0
902,-0.875,-1.79843682124227,0.0
903,-0.875,-1.79843682124227,0.0
904,0.8203125,1.8197423999961506,0.125
905,0.8203125,1.8197423999961506,-0.125
906,0.8203125,-1.8197423999961506,0.125
907,0.8203125,-1.8197423999961506,-0.125
908,-0.8203125,1.8197423999961506,0.125
909,-0.8203125,1.8197423999961506,-0.125
910,-0.8203125,-1.8197423999961506,0.125
911,-0.8203125,-1.8197423999961506,-0.125
912,0.765625,1.8306606346821903,0.25
913,0.765625,1.8306606346821903,-0.25
914,0.765625,-1.8306606346821903,0.25
915,0.765625,-1.8306606346821903,-0.25
916,-0.765625,1.8306606346821903,0.25
917,-0.765625,1.8306606346821903,-0.25
918,-0.765625,-1.8306606346821903,0.25
919,-0.765625,-1.8306606346821903,-0.25
920,0.7109375,1.8313773153268416,0.375
921,0.7109375,1.8313773153268416,-0.375
922,0.7109375,-1.8313773153268416,0.375
923,0.7109375,-1.8313773153268416,-0.375
924,-0.7109375,1.8313773153268416,0.375
925,-0.7109375,1.8313773153268416,-0.375
926,-0.7109375,-1.8313773153268416,0.375
927,-0.7109375,-1.8313773153268416,-0.375
928,0.65625,1.8219044808935512,0.5
929,0.65625,1.8219044808935512,-0.5
930,0.65625,-1.8219044808935512,0.5
931,0.65625,-1.8219044808935512,-0.5
932,-0.65625,1.8219044808935512,0.5
933,-0.65625,1.8219044808935512,-0.5
934,-0.65625,-1.8219044808935512,0.5
935,-0.65625,-1.8219044808935512,-0.5
936,0.6015625,1.8020814517090369,0.625
937,0.6015625,1.8020814517090369,-0.625
938,0.6015625,-1.8020814517090369,0.625
939,0.6015625,-1.8020814517090369,-0.625
940,-0.6015625,1.8020814517090369,0.625
941,-0.6015625,1.8020814517090369,-0.625
942,-0.6015625,-1.8020814517090369,0.625
943,-0.6015625,-1.8020814517090369,-0.625
944,0.546875,1.771560818706205,0.75
945,0.546875,1.771560818706205,-0.75
946,0.546875,-1.771560818706205,0.75
947,0.546875,-1.771560818706205,-0.75
948,-0.546875,1.771560818706205,0.75
949,-0.546875,1.771560818706205,-0.75
950,-0.546875,-1.771560818706205,0.75
951,-0.546875,-1.771560818706205,-0.75
952,0.4921875,1.7297764204785975,0.875
953,0.4921875,1.7297764204785975,-0.875
954,0.4921875,-1.7297764204785975,0.875
955,0.4921875,-1.7297764204785975,-0.875
956,-0.4921875,1.7297764204785975,0.875
957,-0.4921875,1.7297764204785975,-0.875
958,-0.4921875,-1.7297764204785975,0.875
959,-0.4921875,-1.7297764204785975,-0.875
960,0.4375,1.6758859597239903,1.0
961,0.4375,1.6758859597239903,-1.0
962,0.4375,-1.6758859597239903,1.0
963,0.4375,-1.6758859597239903,-1.0
964,-0.4375,1.6758859597239903,1.0
965,-0.4375,1.6758859597239903,-1.0
966,-0.4375,-1.6758859597239903,1.0
967,-0.4375,-1.6758859597239903,-1.0
968,0.3828125,1.6086732389903644,1.125
969,0.3828125,1.6086732389903644,-1.125
970,0.3828125,-1.6086732389903644,1.125
971,0.3828125,-1.6086732389903644,-1.125
972,-0.3828125,1.6086732389903644,1.125
973,-0.3828125,1.6086732389903644,-1.125
974,-0.3828125,-1.6086732389903644,1.125
975,-0.3828125,-1.6086732389903644,-1.125
976,0.328125,1.5263793710526228,1.25
977,0.328125,1.5263793710526228,-1.25
978,0.328125,-1.5263793710526228,1.25
979,0.328125,-1.5263793710526228,-1.25
980,-0.328125,1.5263793710526228,1.25
981,-0.328125,1.5263793710526228,-1.25
982,-0.328125,-1.5263793710526228,1.25
983,-0.328125,-1.5263793710526228,-1.25
984,0.2734375,1.4263964854113145,1.375
985,0.2734375,1.4263964854113145,-1.375
986,0.2734375,-1.4263964854113145,1.375
987,0.2734375,-1.4263964854113145,-1.375
988,-0.2734375,1.4263964854113145,1.375
989,-0.2734375,1.4263964854113145,-1.375
990,-0.2734375,-1.4263964854113145,1.375
991,-0.2734375,-1.4263964854113145,-1.375
992,0.21875,1.3046641090717563,1.5
993,0.21875,1.3046641090717563,-1.5
994,0.21875,-1.3046641090717563,1.5
995,0.21875,-1.3046641090717563,-1.5
996,-0.21875,1.3046641090717563,1.5
997,-0.21875,1.3046641090717563,-1.5
998,-0.21875,-1.3046641090717563,1.5
999,-0.21875,-1.3046641090717563,-1.5
1000,0.1640625,1.1543216605841502,1.625
1001,0.1640625,1.1543216605841502,-1.625
1002,0.1640625,-1.1543216605841502,1.625
1003,0.1640625,-1.1543216605841502,-1.625
1004,-0.1640625,1.1543216605841502,1.625
1005,-0.1640625,1.1543216605841502,-1.625
1006,-0.1640625,-1.1543216605841502,1.625
1007,-0.1640625,-1.1543216605841502,-1.625
1008,0.109375,0.962048392428884,1.75
1009,0.109375,0.962048392428884,-1.75
1010,0.109375,-0.962048392428884,1.75
1011,0.109375,-0.962048392428884,-1.75
1012,-0.109375,0.962048392428884,1.75
1013,-0.109375,0.962048392428884,-1.75
1014,-0.109375,-0.962048392428884,1.75
1015,-0.109375,-0.962048392428884,-1.75
1016,0.0546875,0.6938186199171582,1.875
1017,0.0546875,0.6938186199171582,-1.875
1018,0.0546875,-0.6938186199171582,1.875
1019,0.0546875,-0.6938186199171582,-1.875
1020,-0.0546875,0.6938186199171582,1.875
1021,-0.0546875,0.6938186199171582,-1.875
1022,-0.0546875,-0.6938186199171582,1.875
1023,-0.0546875,-0.6938186199171582,-1.875
1024,1.0,1.7320508075688772,0.0
1025,1.0,1.7320508075688772,0.0
1026,1.0,-1.7320508075688772,0.0
1027,1.0,-1.7320508075688772,0.0
1028,-1.0,1.7320508075688772,0.0
1029,-1.0,1.7320508075688772,0.0
1030,-1.0,-1.7320508075688772,0.0
1031,-1.0,-1.7320508075688772,0.0
1032,0.9375,1.7622340224839605,0.125
1033,0.9375,1.7622340224839605,-0.125
1034,0.9375,-1.7622340224839605,0.125
1035,0.9375,-1.7622340224839605,-0.125
1036,-0.9375,1.7622340224839605,0.125
1037,-0.9375,1.7622340224839605,-0.125
1038,-0.9375,-1.7622340224839605,0.125
1039,-0.9375,-1.7622340224839605,-0.125
1040,0.875,1.7809758560968758,0.25
1041,0.875,1.7809758560968758,-0.25
1042,0.875,-1.7809758560968758,0.25
1043,0.875,-1.7809758560968758,-0.25
1044,-0.875,1.7809758560968758,0.25
1045,-0.875,1.7809758560968758,-0.25
1046,-0.875,-1.7809758560968758,0.25
1047,-0.875,-1.7809758560968758,-0.25
1048,0.8125,1.7886360026567731,0.375
1049,0.8125,1.7886360026567731,-0.375
1050,0.8125,-1.7886360026567731,0.375
1051,0.8125,-1.7886360026567731,-0.375
1052,-0.8125,1.7886360026567731,0.375
1053,-0.8125,1.7886360026567731,-0.375
1054,-0.8125,-1.7886360026567731,0.375
1055,-0.8125,-1.7886360026567731,-0.375
1056,0.75,1.7853571071357126,0.5
1057,0.75,1.7853571071357126,-0.5
1058,0.75,-1.7853571071357126,0.5
1059,0.75,-1.7853571071357126,-0.5
1060,-0.75,1.7853571071357126,0.5
1061,-0.75,1.7853571071357126,-0.5
1062,-0.75,-1.7853571071357126,0.5
1063,-0.75,-1.7853571071357126,-0.5
1064,0.6875,1.7710784144130942,0.625
1065,0.6875,1.7710784144130942,-0.625
1066,0.6875,-1.7710784144130942,0.625
1067,0.6875,-1.7710784144130942,-0.625
1068,-0.6875,1.7710784144130942,0.625
1069,-0.6875,1.7710784144130942,-0.625
1070,-0.6875,-1.7710784144130942,0.625
1071,-0.6875,-1.7710784144130942,-0.625
1072,0.625,1.7455300054711176,0.75
1073,0.625,1.7455300054711176,-0.75
1074,0.625,-1.7455300054711176,0.75
1075,0.625,-1.7455300054711176,-0.75
1076,-0.625,1.7455300054711176,0.75
1077,-0.625,1.7455300054711176,-0.75
1078,-0.625,-1.7455300054711176,0.75
1079,-0.625,-1.7455300054711176,-0.75
1080,0.5625,1.708206296089556,0.875
1081,0.5625,1.708206296089556,-0.875
1082,0.5625,-1.708206296089556,0.875
1083,0.5625,-1.708206296089556,-0.875
1084,-0.5625,1.708206296089556,0.875
1085,-0.5625,1.708206296089556,-0.875
1086,-0.5625,-1.708206296089556,0.875
1087,-0.5625,-1.708206296089556,-0.875
1088,0.5,1.6583123951777,1.0
1089,0.5,1.6583123951777,-1.0
1090,0.5,-1.6583123951777,1.0
1091,0.5,-1.6583123951777,-1.0
1092,-0.5,1.6583123951777,1.0
1093,-0.5,1.6583123951777,-1.0
1094,-0.5,-1.6583123951777,1.0
1095,-0.5,-1.6583123951777,-1.0
1096,0.4375,1.5946688527716342,1.125
1097,0.4375,1.5946688527716342,-1.125
1098,0.4375,-1.5946688527716342,1.125
1099,0.4375,-1.5946688527716342,-1.125
1100,-0.4375,1.5946688527716342,1.125
1101,-0.4375,1.5946688527716342,-1.125
1102,-0.4375,-1.5946688527716342,1.125
1103,-0.4375,-1.5946688527716342,-1.125
1104,0.375,1.5155444566227676,1.25
1105,0.375,1.5155444566227676,-1.25
1106,0.375,-1.5155444566227676,1.25
1107,0.375,-1.5155444566227676,-1.25
1108,-0.375,1.5155444566227676,1.25
1109,-0.375,1.5155444566227676,-1.25
1110,-0.375,-1.5155444566227676,1.25
1111,-0.375,-1.5155444566227676,-1.25
1112,0.3125,1.418350714738777,1.375
1113,0.3125,1.418350714738777,-1.375
1114,0.3125,-1.418350714738777,1.375
1115,0.3125,-1.418350714738777,-1.375
1116,-0.3125,1.418350714738777,1.375
1117,-0.3125,1.418350714738777,-1.375
1118,-0.3125,-1.418350714738777,1.375
1119,-0.3125,-1.418350714738777,-1.375
1120,0.25,1.299038105676658,1.5
1121,0.25,1.299038105676658,-1.5
1122,0.25,-1.299038105676658,1.5
1123,0.25,-1.299038105676658,-1.5
1124,-0.25,1.299038105676658,1.5
1125,-0.25,1.299038105676658,-1.5
1126,-0.25,-1.299038105676658,1.5
1127,-0.25,-1.299038105676658,-1.5
1128,0.1875,1.150747039970123,1.625
1129,0.1875,1.150747039970123,-1.625
1130,0.1875,-1.150747039970123,1.625
1131,0.1875,-1.150747039970123,-1.625
1132,-0.1875,1.150747039970123,1.625
1133,-0.1875,1.150747039970123,-1.625
1134,-0.1875,-1.150747039970123,1.625
1135,-0.1875,-1.150747039970123,-1.625
1136,0.125,0.960143218483576,1.75
1137,0.125,0.960143218483576,-1.75
1138,0.125,-0.960143218483576,1.75
1139,0.125,-0.960143218483576,-1.75
1140,-0.125,0.960143218483576,1.75
1141,-0.125,0.960143218483576,-1.75
1142,-0.125,-0.960143218483576,1.75
1143,-0.125,-0.960143218483576,-1.75
1144,0.0625,0.6931585316505886,1.875
1145,0.0625,0.6931585316505886,-1.875
1146,0.0625,-0.6931585316505886,1.875
1147,0.0625,-0.6931585316505886,-1.875
1148,-0.0625,0.6931585316505886,1.875
1149,-0.0625,0.6931585316505886,-1.875
1150,-0.0625,-0.6931585316505886,1.875
1151,-0.0625,-0.6931585316505886,-1.875
1152,1.125,1.653594569415369,0.0
1153,1.125,1.653594569415369,0.0
1154,1.125,-1.653594569415369,0.0
1155,1.125,-1.653594569415369,0.0
1156,-1.125,1.653594569415369,0.0
1157,-1.125,1.653594569415369,0.0
1158,-1.125,-1.653594569415369,0.0
1159,-1.125,-1.653594569415369,0.0
1160,1.0546875,1.6947003503108595,0.125
1161,1.0546875,1.6947003503108595,-0.125
1162,1.0546875,-1.6947003503108595,0.125
1163,1.0546875,-1.6947003503108595,-0.125
1164,-1.0546875,1.6947003503108595,0.125
1165,-1.0546875,1.6947003503108595,-0.125
1166,-1.0546875,-1.6947003503108595,0.125
1167,-1.0546875,-1.6947003503108595,-0.125
1168,0.984375,1.7229352452646036,0.25
1169,0.984375,1.7229352452646036,-0.25
1170,0.984375,-1.7229352452646036,0.25
1171,0.984375,-1.7229352452646036,-0.25
1172,-0.984375,1.7229352452646036,0.25
1173,-0.984375,1.7229352452646036,-0.25
1174,-0.984375,-1.7229352452646036,0.25
1175,-0.984375,-1.7229352452646036,-0.25
1176,0.9140625,1.7389263199151797,0.375
1177,0.9140625,1.7389263199151797,-0.375
1178,0.9140625,-1.7389263199151797,0.375
1179,0.9140625,-1.7389263199151797,-0.375
1180,-0.9140625,1.7389263199151797,0.375
1181,-0.9140625,1.7389263199151797,-0.375
1182,-0.9140625,-1.7389263199151797,0.375
1183,-0.9140625,-1.7389263199151797,-0.375
1184,0.84375,1.7430105959230426,0.5
1185,0.84375,1.7430105959230426,-0.5
1186,0.84375,-1.7430105959230426,0.5
1187,0.84375,-1.7430105959230426,-0.5
1188,-0.84375,1.7430105959230426,0.5
1189,-0.84375,1.7430105959230426,-0.5
1190,-0.84375,-1.7430105959230426,0.5
1191,-0.84375,-1.7430105959230426,-0.5
1192,0.7734375,1.7352721497199655,0.625
1193,0.7734375,1.7352721497199655,-0.625
1194,0.7734375,-1.7352721497199655,0.625
1195,0.7734375,-1.7352721497199655,-0.625
1196,-0.7734375,1.7352721497199655,0.625
1197,-0.7734375,1.7352721497199655,-0.625
1198,-0.7734375,-1.7352721497199655,0.625
1199,-0.7734375,-1.7352721497199655,-0.625
1200,0.703125,1.7155510002255836,0.75
1201,0.703125,1.7155510002255836,-0.75
1202,0.703125,-1.7155510002255836,0.75
1203,0.703125,-1.7155510002255836,-0.75
1204,-0.703125,1.7155510002255836,0.75
1205,-0.703125,1.7155510002255836,-0.75
1206,-0.703125,-1.7155510002255836,0.75
1207,-0.703125,-1.7155510002255836,-0.75
1208,0.6328125,1.6834260719864564,0.875
1209,0.6328125,1.6834260719864564,-0.875
1210,0.6328125,-1.6834260719864564,0.875
1211,0.6328125,-1.6834260719864564,-0.875
1212,-0.6328125,1.6834260719864564,0.875
1213,-0.6328125,1.6834260719864564,-0.875
1214,-0.6328125,-1.6834260719864564,0.875
1215,-0.6328125,-1.6834260719864564,-0.875
1216,0.5625,1.6381678027601445,1.0
1217,0.5625,1.6381678027601445,-1.0
1218,0.5625,-1.6381678027601445,1.0
1219,0.5625,-1.6381678027601445,-1.0
1220,-0.5625,1.6381678027601445,1.0
1221,-0.5625,1.6381678027601445,-1.0
1222,-0.5625,-1.6381678027601445,1.0
1223,-0.5625,-1.6381678027601445,-1.0
1224,0.4921875,1.57864703618122,1.125
1225,0.4921875,1.57864703618122,-1.125
1226,0.4921875,-1.57864703618122,1.125
1227,0.4921875,-1.57864703618122,-1.125
1228,-0.4921875,1.57864703618122,1.125
1229,-0.4921875,1.57864703618122,-1.125
1230,-0.4921875,-1.57864703618122,1.125
1231,-0.4921875,-1.57864703618122,-1.125
1232,0.421875,1.503170477482511,1.25
1233,0.421875,1.503170477482511,-1.25
1234,0.421875,-1.503170477482511,1.25
1235,0.421875,-1.503170477482511,-1.25
1236,-0.421875,1.503170477482511,1.25
1237,-0.421875,1.503170477482511,-1.25
1238,-0.421875,-1.503170477482511,1.25
1239,-0.421875,-1.503170477482511,-1.25
1240,0.3515625,1.4091766420835077,1.375
1241,0.3515625,1.4091766420835077,-1.375
1242,0.3515625,-1.4091766420835077,1.375
1243,0.3515625,-1.4091766420835077,-1.375
1244,-0.3515625,1.4091766420835077,1.375
1245,-0.3515625,1.4091766420835077,-1.375
1246,-0.3515625,-1.4091766420835077,1.375
1247,-0.3515625,-1.4091766420835077,-1.375
1248,0.28125,1.2926323674966522,1.5
1249,0.28125,1.2926323674966522,-1.5
1250,0.28125,-1.2926323674966522,1.5
1251,0.28125,-1.2926323674966522,-1.5
1252,-0.28125,1.2926323674966522,1.5
1253,-0.28125,1.2926323674966522,-1.5
1254,-0.28125,-1.2926323674966522,1.5
1255,-0.28125,-1.2926323674966522,-1.5
1256,0.2109375,1.1466823322497603,1.625
1257,0.2109375,1.1466823322497603,-1.625
1258,0.2109375,-1.1466823322497603,1.625
1259,0.2109375,-1.1466823322497603,-1.625
1260,-0.2109375,1.1466823322497603,1.625
1261,-0.2109375,1.1466823322497603,-1.625
1262,-0.2109375,-1.1466823322497603,1.625
1263,-0.2109375,-1.1466823322497603,-1.625
1264,0.140625,0.9579794409980832,1.75
1265,0.140625,0.9579794409980832,-1.75
1266,0.140625,-0.9579794409980832,1.75
1267,0.140625,-0.9579794409980832,-1.75
1268,-0.140625,0.9579794409980832,1.75
1269,-0.140625,0.9579794409980832,-1.75
1270,-0.140625,-0.9579794409980832,1.75
1271,-0.140625,-0.9579794409980832,-1.75
1272,0.0703125,0.692409670891265,1.875
1273,0.0703125,0.692409670891265,-1.875
1274,0.0703125,-0.692409670891265,1.875
1275,0.0703125,-0.692409670891265,-1.875
1276,-0.0703125,0.692409670891265,1.875
1277,-0.0703125,0.692409670891265,-1.875
1278,-0.0703125,-0.692409670891265,1.875
1279,-0.0703125,-0.692409670891265,-1.875
1280,1.25,1.5612494995995996,0.0
1281,1.25,1.5612494995995996,0.0
1282,1.25,-1.5612494995995996,0.0
1283,1.25,-1.5612494995995996,0.0
1284,-1.25,1.5612494995995996,0.0
1285,-1.25,1.5612494995995996,0.0
1286,-1.25,-1.5612494995995996,0.0
1287,-1.25,-1.5612494995995996,0.0
1288,1.171875,1.6158848920560525,0.125
1289,1.171875,1.6158848920560525,-0.125
1290,1.171875,-1.6158848920560525,0.125
1291,1.171875,-1.6158848920560525,-0.125
1292,-1.171875,1.6158848920560525,0.125
1293,-1.171875,1.6158848920560525,-0.125
1294,-1.171875,-1.6158848920560525,0.125
1295,-1.171875,-1.6158848920560525,-0.125
1296,1.09375,1.6556602723687006,0.25
1297,1.09375,1.6556602723687006,-0.25
1298,1.09375,-1.6556602723687006,0.25
1299,1.09375,-1.6556602723687006,-0.25
1300,-1.09375,1.6556602723687006,0.25
1301,-1.09375,1.6556602723687006,-0.25
1302,-1.09375,-1.6556602723687006,0.25
1303,-1.09375,-1.6556602723687006,-0.25
1304,1.015625,1.681630416998634,0.375
1305,1.015625,1.681630416998634,-0.375
1306,1.015625,-1.681630416998634,0.375
1307,1.015625,-1.681630416998634,-0.375
1308,-1.015625,1.681630416998634,0.375
1309,-1.015625,1.681630416998634,-0.375
1310,-1.015625,-1.681630416998634,0.375
1311,-1.015625,-1.681630416998634,-0.375
1312,0.9375,1.6944302139657448,0.5
1313,0.9375,1.6944302139657448,-0.5
1314,0.9375,-1.6944302139657448,0.5
1315,0.9375,-1.6944302139657448,-0.5
1316,-0.9375,1.6944302139657448,0.5
1317,-0.9375,1.6944302139657448,-0.5
1318,-0.9375,-1.6944302139657448,0.5
1319,-0.9375,-1.6944302139657448,-0.5
1320,0.859375,1.6943581703332387,0.625
1321,0.859375,1.6943581703332387,-0.625
1322,0.859375,-1.6943581703332387,0.625
1323,0.859375,-1.6943581703332387,-0.625
1324,-0.859375,1.6943581703332387,0.625
1325,-0.859375,1.6943581703332387,-0.625
1326,-0.859375,-1.6943581703332387,0.625
1327,-0.859375,-1.6943581703332387,-0.625
1328,0.78125,1.6814126315393256,0.75
1329,0.78125,1.6814126315393256,-0.75
1330,0.78125,-1.6814126315393256,0.75
1331,0.78125,-1.6814126315393256,-0.75
1332,-0.78125,1.6814126315393256,0.75
1333,-0.78125,1.6814126315393256,-0.75
1334,-0.78125,-1.6814126315393256,0.75
1335,-0.78125,-1.6814126315393256,-0.75
1336,0.703125,1.6552915859071478,0.875
1337,0.703125,1.6552915859071478,-0.875
1338,0.703125,-1.6552915859071478,0.875
1339,0.703125,-1.6552915859071478,-0.875
1340,-0.703125,1.6552915859071478,0.875
1341,-0.703125,1.6552915859071478,-0.875
1342,-0.703125,-1.6552915859071478,0.875
1343,-0.703125,-1.6552915859071478,-0.875
1344,0.625,1.6153559979150107,1.0
1345,0.625,1.6153559979150107,-1.0
1346,0.625,-1.6153559979150107,1.0
1347,0.625,-1.6153559979150107,-1.0
1348,-0.625,1.6153559979150107,1.0
1349,-0.625,1.6153559979150107,-1.0
1350,-0.625,-1.6153559979150107,1.0
1351,-0.625,-1.6153559979150107,-1.0
1352,0.546875,1.5605456527686077,1.125
1353,0.546875,1.5605456527686077,-1.125
1354,0.546875,-1.5605456527686077,1.125
1355,0.546875,-1.5605456527686077,-1.125
1356,-0.546875,1.5605456527686077,1.125
1357,-0.546875,1.5605456527686077,-1.125
1358,-0.546875,-1.5605456527686077,1.125
1359,-0.546875,-1.5605456527686077,-1.125
1360,0.46875,1.489219069680482,1.25
1361,0.46875,1.489219069680482,-1.25
1362,0.46875,-1.489219069680482,1.25
1363,0.46875,-1.489219069680482,-1.25
1364,-0.46875,1.489219069680482,1.25
1365,-0.46875,1.489219069680482,-1.25
1366,-0.46875,-1.489219069680482,1.25
1367,-0.46875,-1.489219069680482,-1.25
1368,0.390625,1.398852068438618,1.375
1369,0.390625,1.398852068438618,-1.375
1370,0.390625,-1.398852068438618,1.375
1371,0.390625,-1.398852068438618,-1.375
1372,-0.390625,1.398852068438618,1.375
1373,-0.390625,1.398852068438618,-1.375
1374,-0.390625,-1.398852068438618,1.375
1375,-0.390625,-1.398852068438618,-1.375
1376,0.3125,1.2854352375751958,1.5
1377,0.3125,1.2854352375751958,-1.5
1378,0.3125,-1.2854352375751958,1.5
1379,0.3125,-1.2854352375751958,-1.5
1380,-0.3125,1.2854352375751958,1.5
1381,-0.3125,1.2854352375751958,-1.5
1382,-0.3125,-1.2854352375751958,1.5
1383,-0.3125,-1.2854352375751958,-1.5
1384,0.234375,1.1421223049109057,1.625
1385,0.234375,1.1421223049109057,-1.625
1386,0.234375,-1.1421223049109057,1.625
1387,0.234375,-1.1421223049109057,-1.625
1388,-0.234375,1.1421223049109057,1.625
1389,-0.234375,1.1421223049109057,-1.625
1390,-0.234375,-1.1421223049109057,1.625
1391,-0.234375,-1.1421223049109057,-1.625
1392,0.15625,0.955555303213791,1.75
1393,0.15625,0.955555303213791,-1.75
1394,0.15625,-0.955555303213791,1.75
1395,0.15625,-0.955555303213791,-1.75
1396,-0.15625,0.955555303213791,1.75
1397,-0.15625,0.955555303213791,-1.75
1398,-0.15625,-0.955555303213791,1.75
1399,-0.15625,-0.955555303213791,-1.75
1400,0.078125,0.6915717492603353,1.875
1401,0.078125,0.6915717492603353,-1.875
1402,0.078125,-0.6915717492603353,1.875
1403,0.078125,-0.6915717492603353,-1.875
1404,-0.078125,0.6915717492603353,1.875
1405,-0.078125,0.6915717492603353,-1.875
1406,-0.078125,-0.6915717492603353,1.875
1407,-0.078125,-0.6915717492603353,-1.875
1408,1.375,1.4523687548277813,0.0
1409,1.375,1.4523687548277813,0.0
1410,1.375,-1.4523687548277813,0.0
1411,1.375,-1.4523687548277813,0.0
1412,-1.375,1.4523687548277813,0.0
1413,-1.375,1.4523687548277813,0.0
1414,-1.375,-1.4523687548277813,0.0
1415,-1.375,-1.4523687548277813,0.0
1416,1.2890625,1.5240383430523492,0.125
1417,1.2890625,1.5240383430523492,-0.125
1418,1.2890625,-1.5240383430523492,0.125
1419,1.2890625,-1.5240383430523492,-0.125
1420,-1.2890625,1.5240383430523492,0.125
1421,-1.2890625,1.5240383430523492,-0.125
1422,-1.2890625,-1.5240383430523492,0.125
1423,-1.2890625,-1.5240383430523492,-0.125
1424,1.203125,1.577970289446224,0.25
1425,1.203125,1.577970289446224,-0.25
1426,1.203125,-1.577970289446224,0.25
1427,1.203125,-1.577970289446224,-0.25
1428,-1.203125,1.577970289446224,0.25
1429,-1.203125,1.577970289446224,-0.25
1430,-1.203125,-1.577970289446224,0.25
1431,-1.203125,-1.577970289446224,-0.25
1432,1.1171875,1.6159415490183269,0.375
1433,1.1171875,1.6159415490183269,-0.375
1434,1.1171875,-1.6159415490183269,0.375
1435,1.1171875,-1.6159415490183269,-0.375
1436,-1.1171875,1.6159415490183269,0.375
1437,-1.1171875,1.6159415490183269,-0.375
1438,-1.1171875,-1.6159415490183269,0.375
1439,-1.1171875,-1.6159415490183269,-0.375
1440,1.03125,1.6390617552429194,0.5
1441,1.03125,1.6390617552429194,-0.5
1442,1.03125,-1.6390617552429194,0.5
1443,1.03125,-1.6390617552429194,-0.5
1444,-1.03125,1.6390617552429194,0.5
1445,-1.03125,1.6390617552429194,-0.5
1446,-1.03125,-1.6390617552429194,0.5
1447,-1.03125,-1.6390617552429194,-0.5
1448,0.9453125,1.6479560908421529,0.625
1449,0.9453125,1.6479560908421529,-0.625
1450,0.9453125,-1.6479560908421529,0.625
1451,0.9453125,-1.6479560908421529,-0.625
1452,-0.9453125,1.6479560908421529,0.625
1453,-0.9453125,1.6479560908421529,-0.625
1454,-0.9453125,-1.6479560908421529,0.625
1455,-0.9453125,-1.6479560908421529,-0.625
1456,0.859375,1.6428556264550456,0.75
1457,0.859375,1.6428556264550456,-0.75
1458,0.859375,-1.6428556264550456,0.75
1459,0.859375,-1.6428556264550456,-0.75
1460,-0.859375,1.6428556264550456,0.75
1461,-0.859375,1.6428556264550456,-0.75
1462,-0.859375,-1.6428556264550456,0.75
1463,-0.859375,-1.6428556264550456,-0.75
1464,0.7734375,1.6236284776985621,0.875
1465,0.7734375,1.6236284776985621,-0.875
1466,0.7734375,-1.6236284776985621,0.875
1467,0.7734375,-1.6236284776985621,-0.875
1468,-0.7734375,1.6236284776985621,0.875
1469,-0.7734375,1.6236284776985621,-0.875
1470,-0.7734375,-1.6236284776985621,0.875
1471,-0.7734375,-1.6236284776985621,-0.875
1472,0.6875,1.589762167747113,1.0
1473,0.6875,1.589762167747113,-1.0
1474,0.6875,-1.589762167747113,1.0
1475,0.6875,-1.589762167747113,-1.0
1476,-0.6875,1.589762167747113,1.0
1477,-0.6875,1.589762167747113,-1.0
1478,-0.6875,-1.589762167747113,1.0
1479,-0.6875,-1.589762167747113,-1.0
1480,0.6015625,1.5402913875607271,1.125
1481,0.6015625,1.5402913875607271,-1.125
1482,0.6015625,-1.5402913875607271,1.125
1483,0.6015625,-1.5402913875607271,-1.125
1484,-0.6015625,1.5402913875607271,1.125
1485,-0.6015625,1.5402913875607271,-1.125
1486,-0.6015625,-1.5402913875607271,1.125
1487,-0.6015625,-1.5402913875607271,-1.125
1488,0.515625,1.4736454320408963,1.25
1489,0.515625,1.4736454320408963,-1.25
1490,0.515625,-1.4736454320408963,1.25
1491,0.515625,-1.4736454320408963,-1.25
1492,-0.515625,1.4736454320408963,1.25
1493,-0.515625,1.4736454320408963,-1.25
1494,-0.515625,-1.4736454320408963,1.25
1495,-0.515625,-1.4736454320408963,-1.25
1496,0.4296875,1.3873513081926112,1.375
1497,0.4296875,1.3873513081926112,-1.375
1498,0.4296875,-1.3873513081926112,1.375
1499,0.4296875,-1.3873513081926112,-1.375
1500,-0.4296875,1.3873513081926112,1.375
1501,-0.4296875,1.3873513081926112,-1.375
1502,-0.4296875,-1.3873513081926112,1.375
1503,-0.4296875,-1.3873513081926112,-1.375
1504,0.34375,1.277433339748106,1.5
1505,0.34375,1.277433339748106,-1.5
1506,0.34375,-1.277433339748106,1.5
1507,0.34375,-1.277433339748106,-1.5
1508,-0.34375,1.277433339748106,1.5
1509,-0.34375,1.277433339748106,-1.5
1510,-0.34375,-1.277433339748106,1.5
1511,-0.34375,-1.277433339748106,-1.5
1512,0.2578125,1.1370609987347864,1.625
1513,0.2578125,1.1370609987347864,-1.625
1514,0.2578125,-1.1370609987347864,1.625
1515,0.2578125,-1.1370609987347864,-1.625
1516,-0.2578125,1.1370609987347864,1.625
1517,-0.2578125,1.1370609987347864,-1.625
1518,-0.2578125,-1.1370609987347864,1.625
1519,-0.2578125,-1.1370609987347864,-1.625
1520,0.171875,0.9528688180305829,1.75
1521,0.171875,0.9528688180305829,-1.75
1522,0.171875,-0.9528688180305829,1.75
1523,0.171875,-0.9528688180305829,-1.75
1524,-0.171875,0.9528688180305829,1.75
1525,-0.171875,0.9528688180305829,-1.75
1526,-0.171875,-0.9528688180305829,1.75
1527,-0.171875,-0.9528688180305829,-1.75
1528,0.0859375,0.6906444425996274,1.875
1529,0.0859375,0.6906444425996274,-1.875
1530,0.0859375,-0.6906444425996274,1.875
1531,0.0859375,-0.6906444425996274,-1.875
1532,-0.0859375,0.6906444425996274,1.875
1533,-0.0859375,0.6906444425996274,-1.875
1534,-0.0859375,-0.6906444425996274,1.875
1535,-0.0859375,-0.6906444425996274,-1.875
1536,1.5,1.3228756555322954,0.0
1537,1.5,1.3228756555322954,0.0
1538,1.5,-1.3228756555322954,0.0
1539,1.5,-1.3228756555322954,0.0
1540,-1.5,1.3228756555322954,0.0
1541,-1.5,1.3228756555322954,0.0
1542,-1.5,-1.3228756555322954,0.0
1543,-1.5,-1.3228756555322954,0.0
1544,1.40625,1.416628369580392,0.125
1545,1.40625,1.416628369580392,-0.125
1546,1.40625,-1.416628369580392,0.125
1547,1.40625,-1.416628369580392,-0.125
1548,-1.40625,1.416628369580392,0.125
1549,-1.40625,1.416628369580392,-0.125
1550,-1.40625,-1.416628369580392,0.125
1551,-1.40625,-1.416628369580392,-0.125
1552,1.3125,1.4882351124738322,0.25
1553,1.3125,1.4882351124738322,-0.25
1554,1.3125,-1.4882351124738322,0.25
1555,1.3125,-1.4882351124738322,-0.25
1556,-1.3125,1.4882351124738322,0.25
1557,-1.3125,1.4882351124738322,-0.25
1558,-1.3125,-1.4882351124738322,0.25
1559,-1.3125,-1.4882351124738322,-0.25
1560,1.21875,1.5407866294526313,0.375
1561,1.21875,1.5407866294526313,-0.375
1562,1.21875,-1.5407866294526313,0.375
1563,1.21875,-1.5407866294526313,-0.375
1564,-1.21875,1.5407866294526313,0.375
1565,-1.21875,1.5407866294526313,-0.375
1566,-1.21875,-1.5407866294526313,0.375
1567,-1.21875,-1.5407866294526313,-0.375
1568,1.125,1.5761900266148114,0.5
1569,1.125,1.5761900266148114,-0.5
1570,1.125,-1.5761900266148114,0.5
1571,1.125,-1.5761900266148114,-0.5
1572,-1.125,1.5761900266148114,0.5
1573,-1.125,1.5761900266148114,-0.5
1574,-1.125,-1.5761900266148114,0.5
1575,-1.125,-1.5761900266148114,-0.5
1576,1.03125,1.5955871764024678,0.625
1577,1.03125,1.5955871764024678,-0.625
1578,1.03125,-1.5955871764024678,0.625
1579,1.03125,-1.5955871764024678,-0.625
1580,-1.03125,1.5955871764024678,0.625
1581,-1.03125,1.5955871764024678,-0.625
1582,-1.03125,-1.5955871764024678,0.625
1583,-1.03125,-1.5955871764024678,-0.625
1584,0.9375,1.5995604865087159,0.75
1585,0.9375,1.5995604865087159,-0.75
1586,0.9375,-1.5995604865087159,0.75
1587,0.9375,-1.5995604865087159,-0.75
1588,-0.9375,1.5995604865087159,0.75
1589,-0.9375,1.5995604865087159,-0.75
1590,-0.9375,-1.5995604865087159,0.75
1591,-0.9375,-1.5995604865087159,-0.75
1592,0.84375,1.5882257199466328,0.875
1593,0.84375,1.5882257199466328,-0.875
1594,0.84375,-1.5882257199466328,0.875
1595,0.84375,-1.5882257199466328,-0.875
1596,-0.84375,1.5882257199466328,0.875
1597,-0.84375,1.5882257199466328,-0.875
1598,-0.84375,-1.5882257199466328,0.875
1599,-0.84375,-1.5882257199466328,-0.875
1600,0.75,1.5612494995995996,1.0
1601,0.75,1.5612494995995996,-1.0
1602,0.75,-1.5612494995995996,1.0
1603,0.75,-1.5612494995995996,-1.0
1604,-0.75,1.5612494995995996,1.0
1605,-0.75,1.5612494995995996,-1.0
1606,-0.75,-1.5612494995995996,1.0
1607,-0.75,-1.5612494995995996,-1.0
1608,0.65625,1.5177980555726114,1.125
1609,0.65625,1.5177980555726114,-1.125
1610,0.65625,-1.5177980555726114,1.125
1611,0.65625,-1.5177980555726114,-1.125
1612,-0.65625,1.5177980555726114,1.125
1613,-0.65625,1.5177980555726114,-1.125
1614,-0.65625,-1.5177980555726114,1.125
1615,-0.65625,-1.5177980555726114,-1.125
1616,0.5625,1.4563975247163805,1.25
1617,0.5625,1.4563975247163805,-1.25
1618,0.5625,-1.4563975247163805,1.25
1619,0.5625,-1.4563975247163805,-1.25
1620,-0.5625,1.4563975247163805,1.25
1621,-0.5625,1.4563975247163805,-1.25
1622,-0.5625,-1.4563975247163805,1.25
1623,-0.5625,-1.4563975247163805,-1.25
1624,0.46875,1.3746448404951732,1.375
1625,0.46875,1.3746448404951732,-1.375
1626,0.46875,-1.3746448404951732,1.375
1627,0.46875,-1.3746448404951732,-1.375
1628,-0.46875,1.3746448404951732,1.375
1629,-0.46875,1.3746448404951732,-1.375
1630,-0.46875,-1.3746448404951732,1.375
1631,-0.46875,-1.3746448404951732,-1.375
1632,0.375,1.2686114456365274,1.5
1633,0.375,1.2686114456365274,-1.5
1634,0.375,-1.2686114456365274,1.5
1635,0.375,-1.2686114456365274,-1.5
1636,-0.375,1.2686114456365274,1.5
1637,-0.375,1.2686114456365274,-1.5
1638,-0.375,-1.2686114456365274,1.5
1639,-0.375,-1.2686114456365274,-1.5
1640,0.28125,1.1314916868894795,1.625
1641,0.28125,1.1314916868894795,-1.625
1642,0.28125,-1.1314916868894795,1.625
1643,0.28125,-1.1314916868894795,-1.625
1644,-0.28125,1.1314916868894795,1.625
1645,-0.28125,1.1314916868894795,-1.625
1646,-0.28125,-1.1314916868894795,1.625
1647,-0.28125,-1.1314916868894795,-1.625
1648,0.1875,0.9499177595981665,1.75
1649,0.1875,0.9499177595981665,-1.75
1650,0.1875,-0.9499177595981665,1.75
1651,0.1875,-0.9499177595981665,-1.75
1652,-0.1875,0.9499177595981665,1.75
1653,-0.1875,0.9499177595981665,-1.75
1654,-0.1875,-0.9499177595981665,1.75
1655,-0.1875,-0.9499177595981665,-1.75
1656,0.09375,0.6896273903348097,1.875
1657,0.09375,0.6896273903348097,-1.875
1658,0.09375,-0.6896273903348097,1.875
1659,0.09375,-0.6896273903348097,-1.875
1660,-0.09375,0.6896273903348097,1.875
1661,-0.09375,0.6896273903348097,-1.875
1662,-0.09375,-0.6896273903348097,1.875
1663,-0.09375,-0.6896273903348097,-1.875
1664,1.625,1.165922381636102,0.0
1665,1.625,1.165922381636102,0.0
1666,1.625,-1.165922381636102,0.0
1667,1.625,-1.165922381636102,0.0
1668,-1.625,1.165922381636102,0.0
1669,-1.625,1.165922381636102,0.0
1670,-1.625,-1.165922381636102,0.0
1671,-1.625,-1.165922381636102,0.0
1672,1.5234375,1.289772531725556,0.125
1673,1.5234375,1.289772531725556,-0.125
1674,1.5234375,-1.289772531725556,0.125
1675,1.5234375,-1.289772531725556,-0.125
1676,-1.5234375,1.289772531725556,0.125
1677,-1.5234375,1.289772531725556,-0.125
1678,-1.5234375,-1.289772531725556,0.125
1679,-1.5234375,-1.289772531725556,-0.125
1680,1.421875,1.3841139708763148,0.25
1681,1.421875,1.3841139708763148,-0.25
1682,1.421875,-1.3841139708763148,0.25
1683,1.421875,-1.3841139708763148,-0.25
1684,-1.421875,1.3841139708763148,0.25
1685,-1.421875,1.3841139708763148,-0.25
1686,-1.421875,-1.3841139708763148,0.25
1687,-1.421875,-1.3841139708763148,-0.25
1688,1.3203125,1.454699248072862,0.375
1689,1.3203125,1.454699248072862,-0.375
1690,1.3203125,-1.454699248072862,0.375
1691,1.3203125,-1.454699248072862,-0.375
1692,-1.3203125,1.454699248072862,0.375
1693,-1.3203125,1.454699248072862,-0.375
1694,-1.3203125,-1.454699248072862,0.375
1695,-1.3203125,-1.454699248072862,-0.375
1696,1.21875,1.5048748909793133,0.5
1697,1.21875,1.5048748909793133,-0.5
1698,1.21875,-1.5048748909793133,0.5
1699,1.21875,-1.5048748909793133,-0.5
1700,-1.21875,1.5048748909793133,0.5
1701,-1.21875,1.5048748909793133,-0.5
1702,-1.21875,-1.5048748909793133,0.5
1703,-1.21875,-1.5048748909793133,-0.5
1704,1.1171875,1.5366414968507618,0.625
1705,1.1171875,1.5366414968507618,-0.625
1706,1.1171875,-1.5366414968507618,0.625
1707,1.1171875,-1.5366414968507618,-0.625
1708,-1.1171875,1.5366414968507618,0.625
1709,-1.1171875,1.5366414968507618,-0.625
1710,-1.1171875,-1.5366414968507618,0.625
1711,-1.1171875,-1.5366414968507618,-0.625
1712,1.015625,1.5511305101038404,0.75
1713,1.015625,1.5511305101038404,-0.75
1714,1.015625,-1.5511305101038404,0.75
1715,1.015625,-1.5511305101038404,-0.75
1716,-1.015625,1.5511305101038404,0.75
1717,-1.015625,1.5511305101038404,-0.75
1718,-1.015625,-1.5511305101038404,0.75
1719,-1.015625,-1.5511305101038404,-0.75
1720,0.9140625,1.548826893520948,0.875
1721,0.9140625,1.548826893520948,-0.875
1722,0.9140625,-1.548826893520948,0.875
1723,0.9140625,-1.548826893520948,-0.875
1724,-0.9140625,1.548826893520948,0.875
1725,-0.9140625,1.548826893520948,-0.875
1726,-0.9140625,-1.548826893520948,0.875
1727,-0.9140625,-1.548826893520948,-0.875
1728,0.8125,1.529654781315052,1.0
1729,0.8125,1.529654781315052,-1.0
1730,0.8125,-1.529654781315052,1.0
1731,0.8125,-1.529654781315052,-1.0
1732,-0.8125,1.529654781315052,1.0
1733,-0.8125,1.529654781315052,-1.0
1734,-0.8125,-1.529654781315052,1.0
1735,-0.8125,-1.529654781315052,-1.0
1736,0.7109375,1.4929644574114114,1.125
1737,0.7109375,1.4929644574114114,-1.125
1738,0.7109375,-1.4929644574114114,1.125
1739,0.7109375,-1.4929644574114114,-1.125
1740,-0.7109375,1.4929644574114114,1.125
1741,-0.7109375,1.4929644574114114,-1.125
1742,-0.7109375,-1.4929644574114114,1.125
1743,-0.7109375,-1.4929644574114114,-1.125
1744,0.609375,1.4374150790133655,1.25
1745,0.609375,1.4374150790133655,-1.25
1746,0.609375,-1.4374150790133655,1.25
1747,0.609375,-1.4374150790133655,-1.25
1748,-0.609375,1.4374150790133655,1.25
1749,-0.609375,1.4374150790133655,-1.25
1750,-0.609375,-1.4374150790133655,1.25
1751,-0.609375,-1.4374150790133655,-1.25
1752,0.5078125,1.3606988883819042,1.375
1753,0.5078125,1.3606988883819042,-1.375
1754,0.5078125,-1.3606988883819042,1.375
1755,0.5078125,-1.3606988883819042,-1.375
1756,-0.5078125,1.3606988883819042,1.375
1757,-0.5078125,1.3606988883819042,-1.375
1758,-0.5078125,-1.3606988883819042,1.375
1759,-0.5078125,-1.3606988883819042,-1.375
1760,0.40625,1.2589523174052304,1.5
1761,0.40625,1.2589523174052304,-1.5
1762,0.40625,-1.2589523174052304,1.5
1763,0.40625,-1.2589523174052304,-1.5
1764,-0.40625,1.2589523174052304,1.5
1765,-0.40625,1.2589523174052304,-1.5
1766,-0.40625,-1.2589523174052304,1.5
1767,-0.40625,-1.2589523174052304,-1.5
1768,0.3046875,1.1254068274822888,1.625
1769,0.3046875,1.1254068274822888,-1.625
1770,0.3046875,-1.1254068274822888,1.625
1771,0.3046875,-1.1254068274822888,-1.625
1772,-0.3046875,1.1254068274822888,1.625
1773,-0.3046875,1.1254068274822888,-1.625
1774,-0.3046875,-1.1254068274822888,1.625
1775,-0.3046875,-1.1254068274822888,-1.625
1776,0.203125,0.9466996537313194,1.75
1777,0.203125,0.9466996537313194,-1.75
1778,0.203125,-0.9466996537313194,1.75
1779,0.203125,-0.9466996537313194,-1.75
1780,-0.203125,0.9466996537313194,1.75
1781,-0.203125,0.9466996537313194,-1.75
1782,-0.203125,-0.9466996537313194,1.75
1783,-0.203125,-0.9466996537313194,-1.75
1784,0.1015625,0.6885201947610179,1.875
1785,0.1015625,0.6885201947610179,-1.875
1786,0.1015625,-0.6885201947610179,1.875
1787,0.1015625,-0.6885201947610179,-1.875
1788,-0.1015625,0.6885201947610179,1.875
1789,-0.1015625,0.6885201947610179,-1.875
1790,-0.1015625,-0.6885201947610179,1.875
1791,-0.1015625,-0.6885201947610179,-1.875
1792,1.75,0.9682458365518543,0.0
1793,1.75,0.9682458365518543,0.0
1794,1.75,-0.9682458365518543,0.0
1795,1.75,-0.9682458365518543,0.0
1796,-1.75,0.9682458365518543,0.0
1797,-1.75,0.9682458365518543,0.0
1798,-1.75,-0.9682458365518543,0.0
1799,-1.75,-0.9682458365518543,0.0
1800,1.640625,1.1369804788891495,0.125
1801,1.640625,1.1369804788891495,-0.125
1802,1.640625,-1.1369804788891495,0.125
1803,1.640625,-1.1369804788891495,-0.125
1804,-1.640625,1.1369804788891495,0.125
1805,-1.640625,1.1369804788891495,-0.125
1806,-1.640625,-1.1369804788891495,0.125
1807,-1.640625,-1.1369804788891495,-0.125
1808,1.53125,1.262051281644292,0.25
1809,1.53125,1.262051281644292,-0.25
1810,1.53125,-1.262051281644292,0.25
1811,1.53125,-1.262051281644292,-0.25
1812,-1.53125,1.262051281644292,0.25
1813,-1.53125,1.262051281644292,-0.25
1814,-1.53125,-1.262051281644292,0.25
1815,-1.53125,-1.262051281644292,-0.25
1816,1.421875,1.3555982016714982,0.375
1817,1.421875,1.3555982016714982,-0.375
1818,1.421875,-1.3555982016714982,0.375
1819,1.421875,-1.3555982016714982,-0.375
1820,-1.421875,1.3555982016714982,0.375
1821,-1.421875,1.3555982016714982,-0.375
1822,-1.421875,-1.3555982016714982,0.375
1823,-1.421875,-1.3555982016714982,-0.375
1824,1.3125,1.4238482187368147,0.5
1825,1.3125,1.4238482187368147,-0.5
1826,1.3125,-1.4238482187368147,0.5
1827,1.3125,-1.4238482187368147,-0.5
1828,-1.3125,1.4238482187368147,0.5
1829,-1.3125,1.4238482187368147,-0.5
1830,-1.3125,-1.4238482187368147,0.5
1831,-1.3125,-1.4238482187368147,-0.5
1832,1.203125,1.4703282743574646,0.625
1833,1.203125,1.4703282743574646,-0.625
1834,1.203125,-1.4703282743574646,0.625
1835,1.203125,-1.4703282743574646,-0.625
1836,-1.203125,1.4703282743574646,0.625
1837,-1.203125,1.4703282743574646,-0.625
1838,-1.203125,-1.4703282743574646,0.625
1839,-1.203125,-1.4703282743574646,-0.625
1840,1.09375,1.4970674458754356,0.75
1841,1.09375,1.4970674458754356,-0.75
1842,1.09375,-1.4970674458754356,0.75
1843,1.09375,-1.4970674458754356,-0.75
1844,-1.09375,1.4970674458754356,0.75
1845,-1.09375,1.4970674458754356,-0.75
1846,-1.09375,-1.4970674458754356,0.75
1847,-1.09375,-1.4970674458754356,-0.75
1848,0.984375,1.5051182210627176,0.875
1849,0.984375,1.5051182210627176,-0.875
1850,0.984375,-1.5051182210627176,0.875
1851,0.984375,-1.5051182210627176,-0.875
1852,-0.984375,1.5051182210627176,0.875
1853,-0.984375,1.5051182210627176,-0.875
1854,-0.984375,-1.5051182210627176,0.875
1855,-0.984375,-1.5051182210627176,-0.875
1856,0.875,1.4947825928876748,1.0
1857,0.875,1.4947825928876748,-1.0
1858,0.875,-1.4947825928876748,1.0
1859,0.875,-1.4947825928876748,-1.0
1860,-0.875,1.4947825928876748,1.0
1861,-0.875,1.4947825928876748,-1.0
1862,-0.875,-1.4947825928876748,1.0
1863,-0.875,-1.4947825928876748,-1.0
1864,0.765625,1.4656716410489083,1.125
1865,0.765625,1.4656716410489083,-1.125
1866,0.765625,-1.4656716410489083,1.125
1867,0.765625,-1.4656716410489083,-1.125
1868,-0.765625,1.4656716410489083,1.125
1869,-0.765625,1.4656716410489083,-1.125
1870,-0.765625,-1.4656716410489083,1.125
1871,-0.765625,-1.4656716410489083,-1.125
1872,0.65625,1.416628369580392,1.25
1873,0.65625,1.416628369580392,-1.25
1874,0.65625,-1.416628369580392,1.25
1875,0.65625,-1.416628369580392,-1.25
1876,-0.65625,1.416628369580392,1.25
1877,-0.65625,1.416628369580392,-1.25
1878,-0.65625,-1.416628369580392,1.25
1879,-0.65625,-1.416628369580392,-1.25
1880,0.546875,1.3454749103476438,1.375
1881,0.546875,1.3454749103476438,-1.375
1882,0.546875,-1.3454749103476438,1.375
1883,0.546875,-1.3454749103476438,-1.375
1884,-0.546875,1.3454749103476438,1.375
1885,-0.546875,1.3454749103476438,-1.375
1886,-0.546875,-1.3454749103476438,1.375
1887,-0.546875,-1.3454749103476438,-1.375
1888,0.4375,1.248436522214886,1.5
1889,0.4375,1.248436522214886,-1.5
1890,0.4375,-1.248436522214886,1.5
1891,0.4375,-1.248436522214886,-1.5
1892,-0.4375,1.248436522214886,1.5
1893,-0.4375,1.248436522214886,-1.5
1894,-0.4375,-1.248436522214886,1.5
1895,-0.4375,-1.248436522214886,-1.5
1896,0.328125,1.1187980087464404,1.625
1897,0.328125,1.1187980087464404,-1.625
1898,0.328125,-1.1187980087464404,1.625
1899,0.328125,-1.1187980087464404,-1.625
1900,-0.328125,1.1187980087464404,1.625
1901,-0.328125,1.1187980087464404,-1.625
1902,-0.328125,-1.1187980087464404,1.625
1903,-0.328125,-1.1187980087464404,-1.625
1904,0.21875,0.9432117670491607,1.75
1905,0.21875,0.9432117670491607,-1.75
1906,0.21875,-0.9432117670491607,1.75
1907,0.21875,-0.9432117670491607,-1.75
1908,-0.21875,0.9432117670491607,1.75
1909,-0.21875,0.9432117670491607,-1.75
1910,-0.21875,-0.9432117670491607,1.75
1911,-0.21875,-0.9432117670491607,-1.75
1912,0.109375,0.6873224202475866,1.875
1913,0.109375,0.6873224202475866,-1.875
1914,0.109375,-0.6873224202475866,1.875
1915,0.109375,-0.6873224202475866,-1.875
1916,-0.109375,0.6873224202475866,1.875
1917,-0.109375,0.6873224202475866,-1.875
1918,-0.109375,-0.6873224202475866,1.875
1919,-0.109375,-0.6873224202475866,-1.875
1920,1.875,0.6959705453537527,0.0
1921,1.875,0.6959705453537527,0.0
1922,1.875,-0.6959705453537527,0.0
1923,1.875,-0.6959705453537527,0.0
1924,-1.875,0.6959705453537527,0.0
1925,-1.875,0.6959705453537527,0.0
1926,-1.875,-0.6959705453537527,0.0
1927,-1.875,-0.6959705453537527,0.0
1928,1.7578125,0.9457643548177052,0.125
1929,1.7578125,0.9457643548177052,-0.125
1930,1.7578125,-0.9457643548177052,0.125
1931,1.7578125,-0.9457643548177052,-0.125
1932,-1.7578125,0.9457643548177052,0.125
1933,-1.7578125,0.9457643548177052,-0.125
1934,-1.7578125,-0.9457643548177052,0.125
1935,-1.7578125,-0.9457643548177052,-0.125
1936,1.640625,1.1161763343553741,0.25
1937,1.640625,1.1161763343553741,-0.25
1938,1.640625,-1.1161763343553741,0.25
1939,1.640625,-1.1161763343553741,-0.25
1940,-1.640625,1.1161763343553741,0.25
1941,-1.640625,1.1161763343553741,-0.25
1942,-1.640625,-1.1161763343553741,0.25
1943,-1.640625,-1.1161763343553741,-0.25
1944,1.5234375,1.2403681645357358,0.375
1945,1.5234375,1.2403681645357358,-0.375
1946,1.5234375,-1.2403681645357358,0.375
1947,1.5234375,-1.2403681645357358,-0.375
1948,-1.5234375,1.2403681645357358,0.375
1949,-1.5234375,1.2403681645357358,-0.375
1950,-1.5234375,-1.2403681645357358,0.375
1951,-1.5234375,-1.2403681645357358,-0.375
1952,1.40625,1.3313380252587996,0.5
1953,1.40625,1.3313380252587996,-0.5
1954,1.40625,-1.3313380252587996,0.5
1955,1.40625,-1.3313380252587996,-0.5
1956,-1.40625,1.3313380252587996,0.5
1957,-1.40625,1.3313380252587996,-0.5
1958,-1.40625,-1.3313380252587996,0.5
1959,-1.40625,-1.3313380252587996,-0.5
1960,1.2890625,1.3955976752251167,0.625
1961,1.2890625,1.3955976752251167,-0.625
1962,1.2890625,-1.3955976752251167,0.625
1963,1.2890625,-1.3955976752251167,-0.625
1964,-1.2890625,1.3955976752251167,0.625
1965,-1.2890625,1.3955976752251167,-0.625
1966,-1.2890625,-1.3955976752251167,0.625
1967,-1.2890625,-1.3955976752251167,-0.625
1968,1.171875,1.436735530421309,0.75
1969,1.171875,1.436735530421309,-0.75
1970,1.171875,-1.436735530421309,0.75
1971,1.171875,-1.436735530421309,-0.75
1972,-1.171875,1.436735530421309,0.75
1973,-1.171875,1.436735530421309,-0.75
1974,-1.171875,-1.436735530421309,0.75
1975,-1.171875,-1.436735530421309,-0.75
1976,1.0546875,1.4567118031181563,0.875
1977,1.0546875,1.4567118031181563,-0.875
1978,1.0546875,-1.4567118031181563,0.875
1979,1.0546875,-1.4567118031181563,-0.875
1980,-1.0546875,1.4567118031181563,0.875
1981,-1.0546875,1.4567118031181563,-0.875
1982,-1.0546875,-1.4567118031181563,0.875
1983,-1.0546875,-1.4567118031181563,-0.875
1984,0.9375,1.4563975247163805,1.0
1985,0.9375,1.4563975247163805,-1.0
1986,0.9375,-1.4563975247163805,1.0
1987,0.9375,-1.4563975247163805,-1.0
1988,-0.9375,1.4563975247163805,1.0
1989,-0.9375,1.4563975247163805,-1.0
1990,-0.9375,-1.4563975247163805,1.0
1991,-0.9375,-1.4563975247163805,-1.0
1992,0.8203125,1.4357793710538365,1.125
1993,0.8203125,1.4357793710538365,-1.125
1994,0.8203125,-1.4357793710538365,1.125
1995,0.8203125,-1.4357793710538365,-1.125
1996,-0.8203125,1.4357793710538365,1.125
1997,-0.8203125,1.4357793710538365,-1.125
1998,-0.8203125,-1.4357793710538365,1.125
1999,-0.8203125,-1.4357793710538365,-1.125
2000,0.703125,1.393956683105684,1.25
2001,0.703125,1.393956683105684,-1.25
2002,0.703125,-1.393956683105684,1.25
2003,0.703125,-1.393956683105684,-1.25
2004,-0.703125,1.393956683105684,1.25
2005,-0.703125,1.393956683105684,-1.25
2006,-0.703125,-1.393956683105684,1.25
2007,-0.703125,-1.393956683105684,-1.25
2008,0.5859375,1.328928984593891,1.375
2009,0.5859375,1.328928984593891,-1.375
2010,0.5859375,-1.328928984593891,1.375
2011,0.5859375,-1.328928984593891,-1.375
2012,-0.5859375,1.328928984593891,1.375
2013,-0.5859375,1.328928984593891,-1.375
2014,-0.5859375,-1.328928984593891,1.375
2015,-0.5859375,-1.328928984593891,-1.375
2016,0.46875,1.237042213305593,1.5
2017,0.46875,1.237042213305593,-1.5
2018,0.46875,-1.237042213305593,1.5
2019,0.46875,-1.237042213305593,-1.5
2020,-0.46875,1.237042213305593,1.5
2021,-0.46875,1.237042213305593,-1.5
2022,-0.46875,-1.237042213305593,1.5
2023,-0.46875,-1.237042213305593,-1.5
2024,0.3515625,1.11165588587195,1.625
2025,0.3515625,1.11165588587195,-1.625
2026,0.3515625,-1.11165588587195,1.625
2027,0.3515625,-1.11165588587195,-1.625
2028,-0.3515625,1.11165588587195,1.625
2029,-0.3515625,1.11165588587195,-1.625
2030,-0.3515625,-1.11165588587195,1.625
2031,-0.3515625,-1.11165588587195,-1.625
2032,0.234375,0.9394510947223383,1.75
2033,0.234375,0.9394510947223383,-1.75
2034,0.234375,-0.9394510947223383,1.75
2035,0.234375,-0.9394510947223383,-1.75
2036,-0.234375,0.9394510947223383,1.75
2037,-0.234375,0.9394510947223383,-1.75
2038,-0.234375,-0.9394510947223383,1.75
2039,-0.234375,-0.9394510947223383,-1.75
2040,0.1171875,0.6860335923580929,1.875
2041,0.1171875,0.6860335923580929,-1.875
2042,0.1171875,-0.6860335923580929,1.875
2043,0.1171875,-0.6860335923580929,-1.875
2044,-0.1171875,0.6860335923580929,1.875
2045,-0.1171875,0.6860335923580929,-1.875
2046,-0.1171875,-0.6860335923580929,1.875
2047,-0.1171875,-0.6860335923580929,-1.875
